{
  "name": "劫煞",
  "enabled": true,
  "priority": 55,
  "rules": [
    {
      "anchor": "yearBranch",
      "rule_ref": "傳統對照-年支取劫煞位（三合局）",
      "table": {
        "申": ["巳"],
        "子": ["巳"],
        "辰": ["巳"],
        "寅": ["亥"],
        "午": ["亥"],
        "戌": ["亥"],
        "巳": ["寅"],
        "酉": ["寅"],
        "丑": ["寅"],
        "亥": ["申"],
        "卯": ["申"],
        "未": ["申"]
      }
    }
  ]
}
