{
  "name": "強桃花",
  "enabled": true,
  "priority": 31,
  "rules": [
    {
      "anchor": "combo",
      "rule_ref": "軍團版-年支取位 + 月/日同應（申子辰→酉）",
      "combo": [
        {
          "anchor": "yearBranch",
          "in": ["申", "子", "辰"],
          "target": "year"
        },
        {
          "anchor": "monthBranch",
          "in": ["酉"],
          "target": "month"
        },
        {
          "anchor": "dayBranch",
          "in": ["酉"],
          "target": "day"
        }
      ]
    },
    {
      "anchor": "combo",
      "rule_ref": "軍團版-寅午戌→卯 強化",
      "combo": [
        {
          "anchor": "yearBranch",
          "in": ["寅", "午", "戌"],
          "target": "year"
        },
        {
          "anchor": "monthBranch",
          "in": ["卯"],
          "target": "month"
        },
        {
          "anchor": "dayBranch",
          "in": ["卯"],
          "target": "day"
        }
      ]
    },
    {
      "anchor": "combo",
      "rule_ref": "軍團版-巳酉丑→午 強化",
      "combo": [
        {
          "anchor": "yearBranch",
          "in": ["巳", "酉", "丑"],
          "target": "year"
        },
        {
          "anchor": "monthBranch",
          "in": ["午"],
          "target": "month"
        },
        {
          "anchor": "dayBranch",
          "in": ["午"],
          "target": "day"
        }
      ]
    },
    {
      "anchor": "combo",
      "rule_ref": "軍團版-亥卯未→子 強化",
      "combo": [
        {
          "anchor": "yearBranch",
          "in": ["亥", "卯", "未"],
          "target": "year"
        },
        {
          "anchor": "monthBranch",
          "in": ["子"],
          "target": "month"
        },
        {
          "anchor": "dayBranch",
          "in": ["子"],
          "target": "day"
        }
      ]
    }
  ]
}
