{
  "name": "太極貴人",
  "enabled": true,
  "priority": 25,
  "rules": [
    {
      "anchor": "yearBranch",
      "rule_ref": "傳統對照-年/日/時柱任一見子午卯酉即中",
      "table": {
        "子": ["子", "午", "卯", "酉"],
        "丑": ["子", "午", "卯", "酉"],
        "寅": ["子", "午", "卯", "酉"],
        "卯": ["子", "午", "卯", "酉"],
        "辰": ["子", "午", "卯", "酉"],
        "巳": ["子", "午", "卯", "酉"],
        "午": ["子", "午", "卯", "酉"],
        "未": ["子", "午", "卯", "酉"],
        "申": ["子", "午", "卯", "酉"],
        "酉": ["子", "午", "卯", "酉"],
        "戌": ["子", "午", "卯", "酉"],
        "亥": ["子", "午", "卯", "酉"]
      }
    },
    {
      "anchor": "dayBranch",
      "rule_ref": "傳統對照-年/日/時柱任一見子午卯酉即中",
      "table": {
        "子": ["子", "午", "卯", "酉"],
        "丑": ["子", "午", "卯", "酉"],
        "寅": ["子", "午", "卯", "酉"],
        "卯": ["子", "午", "卯", "酉"],
        "辰": ["子", "午", "卯", "酉"],
        "巳": ["子", "午", "卯", "酉"],
        "午": ["子", "午", "卯", "酉"],
        "未": ["子", "午", "卯", "酉"],
        "申": ["子", "午", "卯", "酉"],
        "酉": ["子", "午", "卯", "酉"],
        "戌": ["子", "午", "卯", "酉"],
        "亥": ["子", "午", "卯", "酉"]
      }
    },
    {
      "anchor": "hourBranch",
      "rule_ref": "傳統對照-年/日/時柱任一見子午卯酉即中",
      "table": {
        "子": ["子", "午", "卯", "酉"],
        "丑": ["子", "午", "卯", "酉"],
        "寅": ["子", "午", "卯", "酉"],
        "卯": ["子", "午", "卯", "酉"],
        "辰": ["子", "午", "卯", "酉"],
        "巳": ["子", "午", "卯", "酉"],
        "午": ["子", "午", "卯", "酉"],
        "未": ["子", "午", "卯", "酉"],
        "申": ["子", "午", "卯", "酉"],
        "酉": ["子", "午", "卯", "酉"],
        "戌": ["子", "午", "卯", "酉"],
        "亥": ["子", "午", "卯", "酉"]
      }
    }
  ]
}
