{
  "name": "天德",
  "enabled": true,
  "priority": 15,
  "rules": [
    {
      "anchor": "monthBranch",
      "rule_ref": "傳統對照-月支取天德位",
      "table": {
        "寅": ["丁"],
        "卯": ["申"],
        "辰": ["壬"],
        "巳": ["辛"],
        "午": ["亥"],
        "未": ["甲"],
        "申": ["癸"],
        "酉": ["寅"],
        "戌": ["丙"],
        "亥": ["乙"],
        "子": ["巳"],
        "丑": ["庚"]
      },
      "notes": "天德以月支為錨點，查天干或地支"
    }
  ]
}
