{
  "name": "天乙貴人",
  "enabled": true,
  "priority": 10,
  "rules": [
    {
      "anchor": "dayStem",
      "rule_ref": "傳統對照-日干取貴人支",
      "table": {
        "甲": ["丑", "未"],
        "乙": ["子", "申"],
        "丙": ["亥", "酉"],
        "丁": ["酉", "亥"],
        "戊": ["丑", "未"],
        "己": ["子", "申"],
        "庚": ["丑", "未"],
        "辛": ["午", "寅"],
        "壬": ["卯", "巳"],
        "癸": ["卯", "巳"]
      }
    }
  ]
}
