{
  "name": "天喜",
  "enabled": true,
  "priority": 36,
  "rules": [
    {
      "anchor": "yearBranch",
      "rule_ref": "傳統對照-年支取天喜位（紅鸞對宮）",
      "table": {
        "子": ["酉"],
        "丑": ["申"],
        "寅": ["未"],
        "卯": ["午"],
        "辰": ["巳"],
        "巳": ["辰"],
        "午": ["卯"],
        "未": ["寅"],
        "申": ["丑"],
        "酉": ["子"],
        "戌": ["亥"],
        "亥": ["戌"]
      }
    }
  ]
}
