{
  "name": "亡神",
  "enabled": true,
  "priority": 56,
  "rules": [
    {
      "anchor": "yearBranch",
      "rule_ref": "傳統對照-年支取亡神位（三合局）",
      "table": {
        "申": ["亥"],
        "子": ["亥"],
        "辰": ["亥"],
        "寅": ["巳"],
        "午": ["巳"],
        "戌": ["巳"],
        "巳": ["申"],
        "酉": ["申"],
        "丑": ["申"],
        "亥": ["寅"],
        "卯": ["寅"],
        "未": ["寅"]
      }
    }
  ]
}
