{
  "name": "月德",
  "enabled": true,
  "priority": 16,
  "rules": [
    {
      "anchor": "monthBranch",
      "rule_ref": "傳統對照-月支取月德位（三合局）",
      "table": {
        "寅": ["丙"],
        "卯": ["甲"],
        "辰": ["壬"],
        "巳": ["庚"],
        "午": ["丙"],
        "未": ["甲"],
        "申": ["壬"],
        "酉": ["庚"],
        "戌": ["丙"],
        "亥": ["甲"],
        "子": ["壬"],
        "丑": ["庚"]
      }
    }
  ]
}
