{
  "shensha_calculation_rules": {
    "天乙貴人": {
      "type": "吉神",
      "category": "貴人系",
      "calculation_method": "查表法",
      "lookup_table": {
        "甲戊兼牛羊": ["甲", "戊"],
        "乙己鼠猴鄉": ["乙", "己"],
        "丙丁豬雞位": ["丙", "丁"],
        "壬癸兔蛇藏": ["壬", "癸"],
        "庚辛逢虎馬": ["庚", "辛"],
        "此是貴人方": "查表完成"
      },
      "detailed_table": {
        "甲": ["丑", "未"],
        "乙": ["子", "申"],
        "丙": ["亥", "酉"],
        "丁": ["亥", "酉"],
        "戊": ["丑", "未"],
        "己": ["子", "申"],
        "庚": ["寅", "午"],
        "辛": ["寅", "午"],
        "壬": ["卯", "巳"],
        "癸": ["卯", "巳"]
      },
      "calculation_rule": "以日干或年干為主，查四柱中是否有對應地支",
      "compliance_check": "必須使用查表法，不得簡化計算"
    },
    "太極貴人": {
      "type": "吉神",
      "category": "貴人系",
      "calculation_method": "查表法",
      "detailed_table": {
        "甲": ["子", "午"],
        "乙": ["子", "午"],
        "丙": ["卯", "酉"],
        "丁": ["卯", "酉"],
        "戊": ["寅", "申"],
        "己": ["寅", "申"],
        "庚": ["辰", "戌"],
        "辛": ["辰", "戌"],
        "壬": ["巳", "亥"],
        "癸": ["巳", "亥"]
      },
      "calculation_rule": "以日干為主，查四柱中是否有對應地支",
      "compliance_check": "必須使用查表法"
    },
    "文昌貴人": {
      "type": "吉神",
      "category": "貴人系",
      "calculation_method": "查表法",
      "detailed_table": {
        "甲": ["巳"],
        "乙": ["午"],
        "丙": ["申"],
        "丁": ["酉"],
        "戊": ["申"],
        "己": ["酉"],
        "庚": ["寅"],
        "辛": ["卯"],
        "壬": ["辰"],
        "癸": ["巳"]
      },
      "calculation_rule": "以日干為主，查四柱中是否有對應地支",
      "compliance_check": "必須使用查表法"
    },
    "學堂": {
      "type": "吉神",
      "category": "貴人系",
      "calculation_method": "年支推算",
      "detailed_table": {
        "子": "丑",
        "丑": "寅",
        "寅": "卯",
        "卯": "辰",
        "辰": "巳",
        "巳": "午",
        "午": "未",
        "未": "申",
        "申": "酉",
        "酉": "戌",
        "戌": "亥",
        "亥": "子"
      },
      "calculation_rule": "以年支為主，查對應地支",
      "compliance_check": "必須使用查表法"
    },
    "金輿": {
      "type": "吉神",
      "category": "財祿系",
      "calculation_method": "查表法",
      "detailed_table": {
        "甲": ["辰", "戌"],
        "乙": ["丑", "未"],
        "丙": ["辰", "戌"],
        "丁": ["丑", "未"],
        "戊": ["辰", "戌"],
        "己": ["丑", "未"],
        "庚": ["辰", "戌"],
        "辛": ["丑", "未"],
        "壬": ["辰", "戌"],
        "癸": ["丑", "未"]
      },
      "calculation_rule": "以日干為主，查對應地支",
      "compliance_check": "必須使用查表法"
    },
    "福星貴人": {
      "type": "吉神",
      "category": "貴人系",
      "calculation_method": "查表法",
      "detailed_table": {
        "甲": "寅",
        "乙": "亥",
        "丙": "子",
        "丁": "酉",
        "戊": "寅",
        "己": "亥",
        "庚": "巳",
        "辛": "午",
        "壬": "申",
        "癸": "卯"
      },
      "calculation_rule": "以日干為主，查對應地支",
      "compliance_check": "必須使用查表法"
    },
    "天德": {
      "type": "吉神",
      "category": "德星系",
      "calculation_method": "月令查表",
      "lookup_table": {
        "正月": "丁",
        "二月": "申",
        "三月": "壬",
        "四月": "辛",
        "五月": "亥",
        "六月": "甲",
        "七月": "癸",
        "八月": "寅",
        "九月": "丙",
        "十月": "乙",
        "十一月": "巳",
        "十二月": "庚"
      },
      "detailed_table": {
        "寅": "丁",
        "卯": "申",
        "辰": "壬",
        "巳": "辛",
        "午": "亥",
        "未": "甲",
        "申": "癸",
        "酉": "寅",
        "戌": "丙",
        "亥": "乙",
        "子": "巳",
        "丑": "庚"
      },
      "calculation_rule": "以出生月份查對應的天德位",
      "compliance_check": "天德位固定，必須查月令表"
    },
    "月德": {
      "type": "吉神",
      "category": "德星系",
      "calculation_method": "月令查表",
      "detailed_table": {
        "寅": "丙",
        "卯": "甲",
        "辰": "壬",
        "巳": "庚",
        "午": "丙",
        "未": "甲",
        "申": "壬",
        "酉": "庚", 
        "戌": "丙",
        "亥": "甲",
        "子": "壬",
        "丑": "庚"
      },
      "calculation_rule": "以月支查對應的月德位",
      "compliance_check": "月德位根據月支三合局確定"
    },
    "天廚": {
      "type": "吉神",
      "category": "福祿系",
      "calculation_method": "查表法",
      "detailed_table": {
        "甲": "巳",
        "乙": "午",
        "丙": "辰",
        "丁": "未",
        "戊": "辰",
        "己": "未",
        "庚": "丑",
        "辛": "戌",
        "壬": "申",
        "癸": "酉"
      },
      "calculation_rule": "以日干為主，查對應地支",
      "compliance_check": "必須使用查表法"
    },
    "三台": {
      "type": "吉神",
      "category": "權貴系",
      "calculation_method": "查表法",
      "detailed_table": {
        "子": "寅",
        "丑": "卯",
        "寅": "辰",
        "卯": "巳",
        "辰": "午",
        "巳": "未",
        "午": "申",
        "未": "酉",
        "申": "戌",
        "酉": "亥",
        "戌": "子",
        "亥": "丑"
      },
      "calculation_rule": "以日支為主，查對應地支",
      "compliance_check": "必須使用查表法"
    },
    "八座": {
      "type": "吉神",
      "category": "權貴系",
      "calculation_method": "查表法",
      "detailed_table": {
        "子": "戌",
        "丑": "亥",
        "寅": "子",
        "卯": "丑",
        "辰": "寅",
        "巳": "卯",
        "午": "辰",
        "未": "巳",
        "申": "午",
        "酉": "未",
        "戌": "申",
        "亥": "酉"
      },
      "calculation_rule": "以日支為主，查對應地支",
      "compliance_check": "必須使用查表法"
    },
    "天官貴人": {
      "type": "吉神",
      "category": "貴人系",
      "calculation_method": "查表法",
      "detailed_table": {
        "甲": "酉",
        "乙": "申",
        "丙": "亥",
        "丁": "戌",
        "戊": "亥",
        "己": "戌",
        "庚": "丑",
        "辛": "子",
        "壬": "卯",
        "癸": "寅"
      },
      "calculation_rule": "以日干為主，查對應地支",
      "compliance_check": "必須使用查表法"
    },
    "天喜": {
      "type": "吉神",
      "category": "桃花系",
      "calculation_method": "年支推算",
      "detailed_table": {
        "子": "酉",
        "丑": "申",
        "寅": "未",
        "卯": "午",
        "辰": "巳",
        "巳": "辰",
        "午": "卯",
        "未": "寅",
        "申": "丑",
        "酉": "子",
        "戌": "亥",
        "亥": "戌"
      },
      "calculation_rule": "以年支為主，查對應地支",
      "compliance_check": "必須使用查表法"
    },
    "紅鸞": {
      "type": "吉神",
      "category": "桃花系",
      "calculation_method": "年支推算",
      "detailed_table": {
        "子": "卯",
        "丑": "寅",
        "寅": "丑",
        "卯": "子",
        "辰": "亥",
        "巳": "戌",
        "午": "酉",
        "未": "申",
        "申": "未",
        "酉": "午",
        "戌": "巳",
        "亥": "辰"
      },
      "calculation_rule": "以年支為主，查對應地支",
      "compliance_check": "必須使用查表法"
    },
    "將星": {
      "type": "吉神",
      "category": "權貴系",
      "calculation_method": "三合局推算",
      "lookup_table": {
        "申子辰": "子",
        "寅午戌": "午",
        "巳酉丑": "酉",
        "亥卯未": "卯"
      },
      "calculation_rule": "以年支為主，查三合局的將星位",
      "compliance_check": "將星為三合局正位，必須查表"
    },
    "華蓋": {
      "type": "特殊神煞",
      "category": "孤高系",
      "calculation_method": "三合局推算",
      "lookup_table": {
        "申子辰": "辰",
        "寅午戌": "戌",
        "巳酉丑": "丑",
        "亥卯未": "未"
      },
      "calculation_rule": "以年支為主，查三合局的華蓋位",
      "compliance_check": "華蓋為三合局墓庫位，必須查表"
    },
    "羊刃": {
      "type": "凶神",
      "category": "凶煞系",
      "calculation_method": "查表法",
      "lookup_table": {
        "甲": "卯",
        "乙": "寅",
        "丙": "午",
        "丁": "巳",
        "戊": "午",
        "己": "巳",
        "庚": "酉",
        "辛": "申",
        "壬": "子",
        "癸": "亥"
      },
      "calculation_rule": "以日干為主，查對應的羊刃地支",
      "compliance_check": "羊刃位置固定，必須查表確定"
    },
    "劫煞": {
      "type": "凶神",
      "category": "凶煞系",
      "calculation_method": "三合局推算",
      "lookup_table": {
        "申子辰": "巳",
        "寅午戌": "亥",
        "巳酉丑": "寅",
        "亥卯未": "申"
      },
      "calculation_rule": "以年支為主，查三合局的劫煞位",
      "compliance_check": "必須根據三合局查表"
    },
    "災煞": {
      "type": "凶神",
      "category": "凶煞系",
      "calculation_method": "三合局推算",
      "lookup_table": {
        "申子辰": "午",
        "寅午戌": "子",
        "巳酉丑": "卯",
        "亥卯未": "酉"
      },
      "calculation_rule": "以年支為主，查三合局的災煞位",
      "compliance_check": "必須根據三合局查表"
    },
    "官符": {
      "type": "凶神",
      "category": "凶煞系",
      "calculation_method": "年支推算",
      "detailed_table": {
        "子": "巳",
        "丑": "午",
        "寅": "未",
        "卯": "申",
        "辰": "酉",
        "巳": "戌",
        "午": "亥",
        "未": "子",
        "申": "丑",
        "酉": "寅",
        "戌": "卯",
        "亥": "辰"
      },
      "calculation_rule": "以年支為主，查對應地支",
      "compliance_check": "必須使用查表法"
    },
    "白虎": {
      "type": "凶神",
      "category": "凶煞系",
      "calculation_method": "年干推算",
      "detailed_table": {
        "甲": "申",
        "乙": "酉",
        "丙": "戌",
        "丁": "亥",
        "戊": "子",
        "己": "丑",
        "庚": "寅",
        "辛": "卯",
        "壬": "辰",
        "癸": "巳"
      },
      "calculation_rule": "以年干為主，查對應地支",
      "compliance_check": "必須使用查表法"
    },
    "天狗": {
      "type": "凶神",
      "category": "凶煞系",
      "calculation_method": "三合局推算",
      "lookup_table": {
        "申子辰": "戌",
        "寅午戌": "辰",
        "巳酉丑": "未",
        "亥卯未": "丑"
      },
      "calculation_rule": "以年支三合局查對應地支",
      "compliance_check": "必須根據三合局查表"
    },
    "寡宿": {
      "type": "凶神",
      "category": "孤寡系",
      "calculation_method": "年支推算",
      "lookup_table": {
        "亥子丑": "戌",
        "寅卯辰": "丑",
        "巳午未": "辰",
        "申酉戌": "未"
      },
      "calculation_rule": "以年支查對應的寡宿位",
      "compliance_check": "寡宿位置固定，必須查表"
    },
    "亡神": {
      "type": "凶神",
      "category": "凶煞系",
      "calculation_method": "三合局推算",
      "lookup_table": {
        "申子辰": "巳",
        "寅午戌": "亥",
        "巳酉丑": "寅",
        "亥卯未": "申"
      },
      "calculation_rule": "以年支三合局查對應地支",
      "compliance_check": "必須根據三合局查表"
    },
    "披麻": {
      "type": "凶神",
      "category": "凶煞系",
      "calculation_method": "年支推算",
      "detailed_table": {
        "子": "卯",
        "丑": "辰",
        "寅": "巳",
        "卯": "午",
        "辰": "未",
        "巳": "申",
        "午": "酉",
        "未": "戌",
        "申": "亥",
        "酉": "子",
        "戌": "丑",
        "亥": "寅"
      },
      "calculation_rule": "以年支為主，查對應地支",
      "compliance_check": "必須使用查表法"
    },
    "喪門": {
      "type": "凶神",
      "category": "凶煞系",
      "calculation_method": "年支推算",
      "detailed_table": {
        "子": "寅",
        "丑": "卯",
        "寅": "辰",
        "卯": "巳",
        "辰": "午",
        "巳": "未",
        "午": "申",
        "未": "酉",
        "申": "戌",
        "酉": "亥",
        "戌": "子",
        "亥": "丑"
      },
      "calculation_rule": "以年支為主，查對應地支",
      "compliance_check": "必須使用查表法"
    },
    "流霞": {
      "type": "特殊神煞",
      "category": "桃花系",
      "calculation_method": "年支推算",
      "detailed_table": {
        "子": "午",
        "丑": "未",
        "寅": "申",
        "卯": "酉",
        "辰": "戌",
        "巳": "亥",
        "午": "子",
        "未": "丑",
        "申": "寅",
        "酉": "卯",
        "戌": "辰",
        "亥": "巳"
      },
      "calculation_rule": "以年支為主，查對應地支",
      "compliance_check": "必須使用查表法"
    },
    "死神": {
      "type": "凶神",
      "category": "凶煞系",
      "calculation_method": "三合局推算",
      "lookup_table": {
        "申子辰": "卯",
        "寅午戌": "酉",
        "巳酉丑": "午",
        "亥卯未": "子"
      },
      "calculation_rule": "以年支三合局查對應地支",
      "compliance_check": "必須根據三合局查表"
    },
    "災殃": {
      "type": "凶神",
      "category": "凶煞系",
      "calculation_method": "年支推算",
      "detailed_table": {
        "子": "申",
        "丑": "酉",
        "寅": "戌",
        "卯": "亥",
        "辰": "子",
        "巳": "丑",
        "午": "寅",
        "未": "卯",
        "申": "辰",
        "酉": "巳",
        "戌": "午",
        "亥": "未"
      },
      "calculation_rule": "以年支為主，查對應地支",
      "compliance_check": "必須使用查表法"
    },
    "天刑": {
      "type": "凶神",
      "category": "刑沖系",
      "calculation_method": "三刑推算",
      "lookup_table": {
        "寅巳申": "三刑",
        "丑戌未": "三刑",
        "子卯": "無禮刑",
        "辰午酉亥": "自刑"
      },
      "calculation_rule": "查看四柱是否有三刑組合",
      "compliance_check": "必須查三刑表"
    },
    "桃花": {
      "type": "特殊神煞",
      "category": "桃花系",
      "alias": "咸池",
      "calculation_method": "查表法",
      "lookup_table": {
        "申子辰見酉": ["申", "子", "辰"],
        "寅午戌見卯": ["寅", "午", "戌"],
        "巳酉丑見午": ["巳", "酉", "丑"],
        "亥卯未見子": ["亥", "卯", "未"]
      },
      "detailed_table": {
        "申子辰": "酉",
        "寅午戌": "卯",
        "巳酉丑": "午",
        "亥卯未": "子"
      },
      "calculation_rule": "以年支或日支為主，查三合局對應的桃花位",
      "compliance_check": "必須查三合桃花表，不得直接計算"
    },
    "咸池": {
      "type": "特殊神煞",
      "category": "桃花系",
      "calculation_method": "同桃花計算",
      "alias": ["桃花"],
      "note": "咸池即桃花，計算方法相同"
    },
    "沐浴桃花": {
      "type": "特殊神煞",
      "category": "桃花系",
      "calculation_method": "十二長生推算",
      "detailed_table": {
        "甲": "子",
        "乙": "巳",
        "丙": "卯",
        "丁": "申",
        "戊": "卯",
        "己": "申",
        "庚": "午",
        "辛": "亥",
        "壬": "酉",
        "癸": "寅"
      },
      "calculation_rule": "以日干查十二長生沐浴位",
      "compliance_check": "必須查長生表"
    },
    "桃花煞": {
      "type": "特殊神煞",
      "category": "桃花系",
      "calculation_method": "日干查表",
      "detailed_table": {
        "甲": "子",
        "乙": "子",
        "丙": "卯",
        "丁": "卯",
        "戊": "午",
        "己": "午",
        "庚": "酉",
        "辛": "酉",
        "壬": "子",
        "癸": "子"
      },
      "calculation_rule": "以日干為主，查對應桃花位",
      "compliance_check": "必須使用查表法"
    },
    "天德": {
      "type": "吉神",
      "category": "德星系",
      "calculation_method": "月令查表",
      "lookup_table": {
        "正月": "丁",
        "二月": "申",
        "三月": "壬",
        "四月": "辛",
        "五月": "亥",
        "六月": "甲",
        "七月": "癸",
        "八月": "寅",
        "九月": "丙",
        "十月": "乙",
        "十一月": "巳",
        "十二月": "庚"
      },
      "calculation_rule": "以出生月份查對應的天德位",
      "compliance_check": "天德位固定，必須查月令表"
    },
    "月德": {
      "type": "吉神",
      "calculation_method": "月令查表",
      "lookup_table": {
        "寅午戌月": "丙",
        "申子辰月": "壬",
        "巳酉丑月": "庚",
        "亥卯未月": "甲"
      },
      "detailed_table": {
        "寅": "丙",
        "卯": "甲",
        "辰": "壬",
        "巳": "庚",
        "午": "丙",
        "未": "甲",
        "申": "壬",
        "酉": "庚", 
        "戌": "丙",
        "亥": "甲",
        "子": "壬",
        "丑": "庚"
      },
      "calculation_rule": "以月支查對應的月德位",
      "compliance_check": "月德位根據月支三合局確定"
    },
    "將星": {
      "type": "吉神",
      "calculation_method": "三合局推算",
      "lookup_table": {
        "申子辰": "子",
        "寅午戌": "午",
        "巳酉丑": "酉",
        "亥卯未": "卯"
      },
      "calculation_rule": "以年支為主，查三合局的將星位",
      "compliance_check": "將星為三合局正位，必須查表"
    },
    "華蓋": {
      "type": "特殊神煞",
      "calculation_method": "三合局推算",
      "lookup_table": {
        "申子辰": "辰",
        "寅午戌": "戌",
        "巳酉丑": "丑",
        "亥卯未": "未"
      },
      "calculation_rule": "以年支為主，查三合局的華蓋位",
      "compliance_check": "華蓋為三合局墓庫位，必須查表"
    },
    "陰差陽錯": {
      "type": "特殊神煞",
      "category": "陰陽系",
      "calculation_method": "日柱查表",
      "detailed_table": {
        "甲子": true,
        "甲午": true,
        "乙丑": true,
        "乙未": true,
        "丙寅": true,
        "丙申": true,
        "丁卯": true,
        "丁酉": true,
        "戊辰": true,
        "戊戌": true,
        "己巳": true,
        "己亥": true,
        "庚午": true,
        "庚子": true,
        "辛未": true,
        "辛丑": true,
        "壬申": true,
        "壬寅": true,
        "癸酉": true,
        "癸卯": true
      },
      "calculation_rule": "以日柱干支組合查表",
      "compliance_check": "必須查陰差陽錯表"
    },
    "空亡": {
      "type": "凶神",
      "category": "陰陽系",
      "calculation_method": "旬空推算",
      "lookup_table": {
        "甲子旬": ["戌", "亥"],
        "甲戌旬": ["申", "酉"],
        "甲申旬": ["午", "未"],
        "甲午旬": ["辰", "巳"],
        "甲辰旬": ["寅", "卯"],
        "甲寅旬": ["子", "丑"]
      },
      "calculation_rule": "以日柱干支查所屬旬，確定空亡地支",
      "compliance_check": "空亡必須按旬空表查詢，不得直接計算"
    },
    "天煞孤星": {
      "type": "凶神",
      "category": "陰陽系",
      "calculation_method": "日支查沖刑",
      "calculation_rule": "查看日支是否與其他柱沖刑",
      "compliance_check": "必須查沖刑表"
    },
    "天羅": {
      "type": "凶神",
      "category": "陰陽系",
      "calculation_method": "查表法",
      "detailed_table": {
        "辰": true,
        "戌": true
      },
      "calculation_rule": "四柱見辰戌為天羅",
      "compliance_check": "辰戌為天羅地網"
    },
    "地網": {
      "type": "凶神",
      "category": "陰陽系",
      "calculation_method": "查表法",
      "detailed_table": {
        "丑": true,
        "未": true
      },
      "calculation_rule": "四柱見丑未為地網",
      "compliance_check": "丑未為地網"
    },
    "伏吟": {
      "type": "凶神",
      "category": "陰陽系",
      "calculation_method": "干支重複判斷",
      "calculation_rule": "八字干支與流年重複",
      "compliance_check": "需比對流年"
    },
    "反吟": {
      "type": "凶神",
      "category": "陰陽系",
      "calculation_method": "干支正沖判斷",
      "calculation_rule": "八字與流年正沖",
      "compliance_check": "需比對流年沖位"
    },
    "天煞": {
      "type": "凶神",
      "category": "陰陽系",
      "calculation_method": "流年推算",
      "detailed_table": {
        "子": "未",
        "丑": "申",
        "寅": "酉",
        "卯": "戌",
        "辰": "亥",
        "巳": "子",
        "午": "丑",
        "未": "寅",
        "申": "卯",
        "酉": "辰",
        "戌": "巳",
        "亥": "午"
      },
      "calculation_rule": "以流年地支查對應天煞位",
      "compliance_check": "必須使用查表法"
    },
    "孤辰": {
      "type": "凶神",
      "category": "孤寡系",
      "calculation_method": "年支推算",
      "lookup_table": {
        "亥子丑": "寅",
        "寅卯辰": "巳",
        "巳午未": "申",
        "申酉戌": "亥"
      },
      "calculation_rule": "以年支查對應的孤辰位",
      "compliance_check": "孤辰位置固定，必須查表"
    },
    "寡宿": {
      "type": "凶神",
      "category": "孤寡系",
      "calculation_method": "年支推算",
      "lookup_table": {
        "亥子丑": "戌",
        "寅卯辰": "丑",
        "巳午未": "辰",
        "申酉戌": "未"
      },
      "calculation_rule": "以年支查對應的寡宿位",
      "compliance_check": "寡宿位置固定，必須查表"
    },
    "子午沖": {
      "type": "刑沖",
      "category": "刑沖害破系",
      "calculation_method": "地支對沖",
      "calculation_rule": "四柱中同時出現子午",
      "compliance_check": "查地支沖表"
    },
    "卯酉沖": {
      "type": "刑沖",
      "category": "刑沖害破系",
      "calculation_method": "地支對沖",
      "calculation_rule": "四柱中同時出現卯酉",
      "compliance_check": "查地支沖表"
    },
    "寅申沖": {
      "type": "刑沖",
      "category": "刑沖害破系",
      "calculation_method": "地支對沖",
      "calculation_rule": "四柱中同時出現寅申",
      "compliance_check": "查地支沖表"
    },
    "辰戌沖": {
      "type": "刑沖",
      "category": "刑沖害破系",
      "calculation_method": "地支對沖",
      "calculation_rule": "四柱中同時出現辰戌",
      "compliance_check": "查地支沖表"
    },
    "丑未沖": {
      "type": "刑沖",
      "category": "刑沖害破系",
      "calculation_method": "地支對沖",
      "calculation_rule": "四柱中同時出現丑未",
      "compliance_check": "查地支沖表"
    },
    "巳亥沖": {
      "type": "刑沖",
      "category": "刑沖害破系",
      "calculation_method": "地支對沖",
      "calculation_rule": "四柱中同時出現巳亥",
      "compliance_check": "查地支沖表"
    },
    "寅巳申三刑": {
      "type": "刑沖",
      "category": "刑沖害破系",
      "calculation_method": "三刑判斷",
      "calculation_rule": "四柱中同時出現寅巳申",
      "compliance_check": "查三刑表"
    },
    "丑戌未三刑": {
      "type": "刑沖",
      "category": "刑沖害破系",
      "calculation_method": "三刑判斷",
      "calculation_rule": "四柱中同時出現丑戌未",
      "compliance_check": "查三刑表"
    },
    "子卯刑": {
      "type": "刑沖",
      "category": "刑沖害破系",
      "calculation_method": "無禮刑判斷",
      "calculation_rule": "四柱中同時出現子卯",
      "compliance_check": "查刑表"
    },
    "辰午酉亥自刑": {
      "type": "刑沖",
      "category": "刑沖害破系",
      "calculation_method": "自刑判斷",
      "calculation_rule": "四柱中同一地支出現兩次以上",
      "compliance_check": "查自刑表"
    },
    "子未害": {
      "type": "刑沖",
      "category": "刑沖害破系",
      "calculation_method": "六害判斷",
      "calculation_rule": "四柱中同時出現子未",
      "compliance_check": "查六害表"
    },
    "丑午害": {
      "type": "刑沖",
      "category": "刑沖害破系",
      "calculation_method": "六害判斷",
      "calculation_rule": "四柱中同時出現丑午",
      "compliance_check": "查六害表"
    },
    "寅巳害": {
      "type": "刑沖",
      "category": "刑沖害破系",
      "calculation_method": "六害判斷",
      "calculation_rule": "四柱中同時出現寅巳",
      "compliance_check": "查六害表"
    },
    "卯辰害": {
      "type": "刑沖",
      "category": "刑沖害破系",
      "calculation_method": "六害判斷",
      "calculation_rule": "四柱中同時出現卯辰",
      "compliance_check": "查六害表"
    },
    "申亥害": {
      "type": "刑沖",
      "category": "刑沖害破系",
      "calculation_method": "六害判斷",
      "calculation_rule": "四柱中同時出現申亥",
      "compliance_check": "查六害表"
    },
    "酉戌害": {
      "type": "刑沖",
      "category": "刑沖害破系",
      "calculation_method": "六害判斷",
      "calculation_rule": "四柱中同時出現酉戌",
      "compliance_check": "查六害表"
    },
    "酉戌破": {
      "type": "刑沖",
      "category": "刑沖害破系",
      "calculation_method": "破判斷",
      "calculation_rule": "四柱中同時出現酉戌",
      "compliance_check": "查破表"
    },
    "子酉破": {
      "type": "刑沖",
      "category": "刑沖害破系",
      "calculation_method": "破判斷",
      "calculation_rule": "四柱中同時出現子酉",
      "compliance_check": "查破表"
    },
    "卯午破": {
      "type": "刑沖",
      "category": "刑沖害破系",
      "calculation_method": "破判斷",
      "calculation_rule": "四柱中同時出現卯午",
      "compliance_check": "查破表"
    },
    "辰丑破": {
      "type": "刑沖",
      "category": "刑沖害破系",
      "calculation_method": "破判斷",
      "calculation_rule": "四柱中同時出現辰丑",
      "compliance_check": "查破表"
    },
    "巳申破": {
      "type": "刑沖",
      "category": "刑沖害破系",
      "calculation_method": "破判斷",
      "calculation_rule": "四柱中同時出現巳申",
      "compliance_check": "查破表"
    },
    "未戌破": {
      "type": "刑沖",
      "category": "刑沖害破系",
      "calculation_method": "破判斷",
      "calculation_rule": "四柱中同時出現未戌",
      "compliance_check": "查破表"
    }
  },
  "calculation_verification": {
    "mandatory_checks": [
      "所有神煞必須通過查表獲得，不得硬編碼",
      "神煞計算必須基於正確的年、月、日、時柱",
      "三合局神煞必須正確識別三合關係",
      "旬空計算必須準確確定日柱所屬旬",
      "月令神煞必須基於正確的節氣月份"
    ],
    "error_patterns": [
      "直接用數學公式計算神煞位置",
      "忽略節氣月份，直接用陽曆月份",
      "未考慮年支變化對神煞的影響",
      "混淆不同類型神煞的計算方法",
      "未驗證四柱干支的正確性"
    ]
  },
  "shensha_interactions": {
    "相互影響": {
      "天乙貴人+文昌": "文貴雙全，學業事業俱佳",
      "桃花+咸池": "雙桃花，異性緣極佳但易有感情糾紛",
      "羊刃+劫煞": "雙凶聚會，須特別謹慎行事",
      "天德+月德": "德星拱照，一生多得貴人助",
      "華蓋+空亡": "孤高清雅，適合宗教藝術"
    },
    "計算順序": [
      "1. 確認四柱干支的準確性",
      "2. 按類別分別計算各神煞",
      "3. 檢查神煞之間的相互關係",
      "4. 驗證計算結果的合理性",
      "5. 生成神煞效應描述"
    ]
  }
}