{
  "solar_terms": {
    "立春": {
      "name": "立春",
      "english": "Beginning of Spring",
      "order": 1,
      "month": 2,
      "approximate_day": 4,
      "description": "年柱分界，春季開始",
      "zhi": "寅",
      "calculation_notes": "精確時間需要天文演算，約在2月3-5日之間"
    },
    "雨水": {
      "name": "雨水",
      "english": "Rain Water",
      "order": 2,
      "month": 2,
      "approximate_day": 19,
      "description": "降雨增加，氣溫回升",
      "zhi": "寅"
    },
    "驚蟄": {
      "name": "驚蟄",
      "english": "Awakening of Insects",
      "order": 3,
      "month": 3,
      "approximate_day": 6,
      "description": "春雷乍動，蟄蟲驚醒",
      "zhi": "卯"
    },
    "春分": {
      "name": "春分",
      "english": "Spring Equinox",
      "order": 4,
      "month": 3,
      "approximate_day": 21,
      "description": "晝夜等長，春季中點",
      "zhi": "卯"
    },
    "清明": {
      "name": "清明",
      "english": "Pure Brightness",
      "order": 5,
      "month": 4,
      "approximate_day": 5,
      "description": "天清地明，萬物生長",
      "zhi": "辰"
    },
    "穀雨": {
      "name": "穀雨",
      "english": "Grain Rain",
      "order": 6,
      "month": 4,
      "approximate_day": 20,
      "description": "雨水滋潤，穀物生長",
      "zhi": "辰"
    },
    "立夏": {
      "name": "立夏",
      "english": "Beginning of Summer",
      "order": 7,
      "month": 5,
      "approximate_day": 6,
      "description": "夏季開始",
      "zhi": "巳"
    },
    "小滿": {
      "name": "小滿",
      "english": "Grain Buds",
      "order": 8,
      "month": 5,
      "approximate_day": 21,
      "description": "麥類作物籽粒開始飽滿",
      "zhi": "巳"
    },
    "芒種": {
      "name": "芒種",
      "english": "Grain in Ear",
      "order": 9,
      "month": 6,
      "approximate_day": 6,
      "description": "有芒作物成熟",
      "zhi": "午"
    },
    "夏至": {
      "name": "夏至",
      "english": "Summer Solstice",
      "order": 10,
      "month": 6,
      "approximate_day": 21,
      "description": "白晝最長，夏季中點",
      "zhi": "午"
    },
    "小暑": {
      "name": "小暑",
      "english": "Minor Heat",
      "order": 11,
      "month": 7,
      "approximate_day": 7,
      "description": "暑熱開始",
      "zhi": "未"
    },
    "大暑": {
      "name": "大暑",
      "english": "Major Heat",
      "order": 12,
      "month": 7,
      "approximate_day": 23,
      "description": "一年中最熱的時期",
      "zhi": "未"
    },
    "立秋": {
      "name": "立秋",
      "english": "Beginning of Autumn",
      "order": 13,
      "month": 8,
      "approximate_day": 8,
      "description": "秋季開始",
      "zhi": "申"
    },
    "處暑": {
      "name": "處暑",
      "english": "Stopping the Heat",
      "order": 14,
      "month": 8,
      "approximate_day": 23,
      "description": "暑熱結束",
      "zhi": "申"
    },
    "白露": {
      "name": "白露",
      "english": "White Dew",
      "order": 15,
      "month": 9,
      "approximate_day": 8,
      "description": "露水開始出現",
      "zhi": "酉"
    },
    "秋分": {
      "name": "秋分",
      "english": "Autumn Equinox",
      "order": 16,
      "month": 9,
      "approximate_day": 23,
      "description": "晝夜等長，秋季中點",
      "zhi": "酉"
    },
    "寒露": {
      "name": "寒露",
      "english": "Cold Dew",
      "order": 17,
      "month": 10,
      "approximate_day": 8,
      "description": "露水變涼",
      "zhi": "戌"
    },
    "霜降": {
      "name": "霜降",
      "english": "Frost's Descent",
      "order": 18,
      "month": 10,
      "approximate_day": 24,
      "description": "開始降霜",
      "zhi": "戌"
    },
    "立冬": {
      "name": "立冬",
      "english": "Beginning of Winter",
      "order": 19,
      "month": 11,
      "approximate_day": 7,
      "description": "冬季開始",
      "zhi": "亥"
    },
    "小雪": {
      "name": "小雪",
      "english": "Minor Snow",
      "order": 20,
      "month": 11,
      "approximate_day": 22,
      "description": "開始降雪",
      "zhi": "亥"
    },
    "大雪": {
      "name": "大雪",
      "english": "Major Snow",
      "order": 21,
      "month": 12,
      "approximate_day": 7,
      "description": "降雪量增大",
      "zhi": "子"
    },
    "冬至": {
      "name": "冬至",
      "english": "Winter Solstice",
      "order": 22,
      "month": 12,
      "approximate_day": 22,
      "description": "白晝最短，冬季中點",
      "zhi": "子"
    },
    "小寒": {
      "name": "小寒",
      "english": "Minor Cold",
      "order": 23,
      "month": 1,
      "approximate_day": 6,
      "description": "寒冷開始",
      "zhi": "丑"
    },
    "大寒": {
      "name": "大寒",
      "english": "Major Cold",
      "order": 24,
      "month": 1,
      "approximate_day": 20,
      "description": "一年中最冷的時期",
      "zhi": "丑"
    }
  },
  "month_boundaries": {
    "寅月": {
      "from": "立春",
      "to": "驚蟄",
      "zhi": "寅",
      "season": "春",
      "months": [2, 3]
    },
    "卯月": {
      "from": "驚蟄",
      "to": "清明",
      "zhi": "卯",
      "season": "春",
      "months": [3, 4]
    },
    "辰月": {
      "from": "清明",
      "to": "立夏",
      "zhi": "辰",
      "season": "春",
      "months": [4, 5]
    },
    "巳月": {
      "from": "立夏",
      "to": "芒種",
      "zhi": "巳",
      "season": "夏",
      "months": [5, 6]
    },
    "午月": {
      "from": "芒種",
      "to": "小暑",
      "zhi": "午",
      "season": "夏",
      "months": [6, 7]
    },
    "未月": {
      "from": "小暑",
      "to": "立秋",
      "zhi": "未",
      "season": "夏",
      "months": [7, 8]
    },
    "申月": {
      "from": "立秋",
      "to": "白露",
      "zhi": "申",
      "season": "秋",
      "months": [8, 9]
    },
    "酉月": {
      "from": "白露",
      "to": "寒露",
      "zhi": "酉",
      "season": "秋",
      "months": [9, 10]
    },
    "戌月": {
      "from": "寒露",
      "to": "立冬",
      "zhi": "戌",
      "season": "秋",
      "months": [10, 11]
    },
    "亥月": {
      "from": "立冬",
      "to": "大雪",
      "zhi": "亥",
      "season": "冬",
      "months": [11, 12]
    },
    "子月": {
      "from": "大雪",
      "to": "小寒",
      "zhi": "子",
      "season": "冬",
      "months": [12, 1]
    },
    "丑月": {
      "from": "小寒",
      "to": "立春",
      "zhi": "丑",
      "season": "冬",
      "months": [1, 2]
    }
  },
  "calculation_rules": {
    "year_pillar": {
      "boundary": "立春",
      "rule": "以立春為界，立春前屬前一年，立春後屬當年",
      "precision": "精確到分鐘",
      "example": "2024年立春在2月4日16:27，此時間之前出生屬兔年，之後屬龍年"
    },
    "month_pillar": {
      "boundary": "各月節氣",
      "rule": "以節氣為界，每月兩個節氣，前一個為該月開始",
      "method": "五虎遁月表",
      "example": "寅月從立春開始，到驚蟄前結束"
    },
    "day_pillar": {
      "reference": "1985年9月22日甲子日",
      "method": "基準日推算法",
      "considerations": ["閏年", "時區", "子時跨日"]
    },
    "hour_pillar": {
      "method": "五鼠遁時表",
      "special_handling": "子時跨日",
      "rule": "23:00-01:00為子時，需判斷是否跨日"
    }
  }
}