{
  "story_templates": {
    "army-narrative": {
      "zh-TW": {
        "title": "🛡️【{{pillar_key}}軍團｜{{stem}}{{branch}}】",
        "intro": "你正在召喚你的 {{pillar_key}} 軍團，他們源自「{{nayin}}」之地，象徵你在此生命領域的主題挑戰與能量場。",
        "commander": "主將「{{commander_title}}」由 {{stem}} 領軍，展現你的核心性格與行動力，在此柱中扮演領導者角色。",
        "strategist": "軍師「{{strategist_title}}」來自 {{branch}}，擅長策略與支援，引導軍團方向，象徵你在此領域的智慧與應變。",
        "lieutenants": "副將群包括：{{lieutenant_titles}}，分別掌管不同能量面向，形成多元支援系統，象徵你的潛在資源與內在動力。",
        "shensha": "神煞兵符「{{shensha_list}}」賦予你 {{shensha_effects}} 的特殊能力，在此柱中展現獨特優勢。",
        "ten_god": "此柱的十神為「{{ten_god}}」，{{ten_god_narrative}}",
        "advice": "🔑 一句兵法建議：{{advice_text}}"
      },
      "zh-CN": {
        "title": "🛡️【{{pillar_key}}军团｜{{stem}}{{branch}}】",
        "intro": "你正在召唤你的 {{pillar_key}} 军团，他们源自「{{nayin}}」之地，象征你在此生命领域的主题挑战与能量场。",
        "commander": "主将「{{commander_title}}」由 {{stem}} 领军，展现你的核心性格与行动力，在此柱中扮演领导者角色。",
        "strategist": "军师「{{strategist_title}}」来自 {{branch}}，擅长策略与支援，引导军团方向，象征你在此领域的智慧与应变。",
        "lieutenants": "副将群包括：{{lieutenant_titles}}，分别掌管不同能量面向，形成多元支援系统，象征你的潜在资源与内在动力。",
        "shensha": "神煞兵符「{{shensha_list}}」赋予你 {{shensha_effects}} 的特殊能力，在此柱中展现独特优势。",
        "ten_god": "此柱的十神为「{{ten_god}}」，{{ten_god_narrative}}",
        "advice": "🔑 一句兵法建议：{{advice_text}}"
      },
      "en": {
        "title": "🛡️【{{pillar_key}} Legion｜{{stem}}{{branch}}】",
        "intro": "You are summoning your {{pillar_key}} legion, originating from the land of \"{{nayin}}\", symbolizing the thematic challenges and energy field in this life domain.",
        "commander": "Commander \"{{commander_title}}\" led by {{stem}}, showcasing your core personality and action power, playing the leader role in this pillar.",
        "strategist": "Strategist \"{{strategist_title}}\" from {{branch}}, skilled in strategy and support, guiding the legion direction, symbolizing your wisdom and adaptability in this domain.",
        "lieutenants": "The lieutenant group includes: {{lieutenant_titles}}, each managing different energy aspects, forming a diverse support system, symbolizing your potential resources and inner motivation.",
        "shensha": "Divine symbols \"{{shensha_list}}\" grant you {{shensha_effects}} special abilities, showcasing unique advantages in this pillar.",
        "ten_god": "The Ten God of this pillar is \"{{ten_god}}\", {{ten_god_narrative}}",
        "advice": "🔑 Strategic advice: {{advice_text}}"
      }
    },
    "fortune-analysis": {
      "zh-TW": {
        "title": "🔮【運勢分析｜{{analysis_type}}】",
        "intro": "基於您的八字命盤分析，以下是您的運勢洞察：",
        "strengths": "🌟 優勢能量：{{strength_elements}}",
        "challenges": "⚡ 挑戰領域：{{challenge_areas}}",
        "opportunities": "🚀 發展機會：{{opportunities}}",
        "advice": "💡 建議方向：{{strategic_advice}}"
      },
      "en": {
        "title": "🔮【Fortune Analysis｜{{analysis_type}}】",
        "intro": "Based on your BaZi chart analysis, here are your fortune insights:",
        "strengths": "🌟 Strength Energies: {{strength_elements}}",
        "challenges": "⚡ Challenge Areas: {{challenge_areas}}",
        "opportunities": "🚀 Development Opportunities: {{opportunities}}",
        "advice": "💡 Strategic Direction: {{strategic_advice}}"
      }
    },
    "life-prediction": {
      "zh-TW": {
        "title": "🌈【人生預測｜{{time_period}}】",
        "intro": "透過八字命理分析，為您揭示{{time_period}}的人生軌跡：",
        "career": "💼 事業發展：{{career_forecast}}",
        "relationship": "💕 感情運勢：{{relationship_forecast}}",
        "health": "🏥 健康提醒：{{health_forecast}}",
        "wealth": "💰 財運分析：{{wealth_forecast}}",
        "conclusion": "✨ 總結建議：{{life_advice}}"
      }
    }
  },
  "ai_prompts": {
    "openai": {
      "army-narrative": {
        "system": "你是一位專業的中國命理師和創意作家，擅長將八字命盤轉化為生動有趣的軍團故事。請根據提供的八字信息，創作一個富有想像力的軍團敘事。",
        "user_template": "請為以下八字柱創作軍團故事：\n柱位：{{pillar_key}}\n天干：{{stem}} ({{stem_title}})\n地支：{{branch}} ({{branch_title}})\n納音：{{nayin}}\n十神：{{ten_god}}\n神煞：{{shensha}}\n藏干：{{hidden_stems}}\n\n請創作一個約200-300字的軍團故事，包含主將、軍師、副將的角色設定和他們的特殊能力。風格要生動有趣，符合RPG遊戲風格。"
      },
      "fortune-analysis": {
        "system": "你是一位資深的八字命理專家，能夠深入分析命盤並提供實用的人生建議。",
        "user_template": "請分析以下八字命盤的運勢：\n年柱：{{year_pillar}}\n月柱：{{month_pillar}}\n日柱：{{day_pillar}}\n時柱：{{hour_pillar}}\n\n請分析五行強弱、十神關係、神煞影響，並提供具體的運勢建議。"
      }
    },
    "claude": {
      "army-narrative": {
        "system": "You are a creative storyteller specializing in Chinese metaphysics and RPG narratives. Transform BaZi charts into engaging military legion stories.",
        "user_template": "Create a legion narrative for:\nPillar: {{pillar_key}}\nStem: {{stem}} ({{stem_title}})\nBranch: {{branch}} ({{branch_title}})\nNaYin: {{nayin}}\nTen God: {{ten_god}}\nShenSha: {{shensha}}\nHidden Stems: {{hidden_stems}}\n\nWrite a 200-300 word RPG-style story about this legion with commander, strategist, and lieutenants."
      }
    }
  },
  "advice_templates": {
    "by_ten_god": {
      "比肩": [
        "與夥伴合作，發揮團隊力量",
        "保持獨立思考，避免過度依賴他人",
        "培養領導能力，但要學會聆聽"
      ],
      "劫財": [
        "謹慎理財，避免不必要的風險",
        "發揮競爭優勢，但要公平競爭",
        "建立良好的人際關係網絡"
      ],
      "食神": [
        "發揮創意才能，追求藝術表達",
        "保持樂觀心態，享受生活樂趣",
        "注意健康飲食，維持身心平衡"
      ],
      "傷官": [
        "善用批判思維，但要適度表達",
        "發揮創新能力，打破傳統框架",
        "學會情緒管理，避免衝動行事"
      ],
      "偏財": [
        "把握投資機會，但要謹慎評估",
        "發展人脈關係，擴大商業網絡",
        "保持靈活應變的商業思維"
      ],
      "正財": [
        "穩健理財，建立長期財富計劃",
        "專注本業發展，累積專業實力",
        "重視家庭責任，平衡工作與生活"
      ],
      "七殺": [
        "勇於面對挑戰，展現領導魄力",
        "學會適度妥協，避免過度強硬",
        "培養戰略思維，規劃長遠目標"
      ],
      "正官": [
        "遵循正道，建立良好聲譽",
        "承擔責任，發揮管理才能",
        "重視倫理道德，樹立正面形象"
      ],
      "偏印": [
        "發揮直覺洞察，探索深層智慧",
        "保持學習熱誠，持續自我提升",
        "平衡理性與感性，避免過度思慮"
      ],
      "正印": [
        "重視學習成長，累積知識財富",
        "發揮保護本能，關愛他人",
        "建立穩固基礎，循序漸進發展"
      ]
    },
    "by_element": {
      "木": [
        "如樹木般成長，保持向上的動力",
        "發揮仁慈之心，與他人和諧相處",
        "培養創造力，開展新的可能性"
      ],
      "火": [
        "保持熱情活力，照亮周遭環境",
        "發揮領導魅力，激勵團隊士氣",
        "注意情緒管理，避免過度激烈"
      ],
      "土": [
        "穩紮穩打，建立堅實的基礎",
        "發揮包容特質，成為他人依靠",
        "重視實際行動，腳踏實地前進"
      ],
      "金": [
        "堅持原則，展現正義感",
        "發揮決斷力，果敢處理事務",
        "注重品質，追求完美表現"
      ],
      "水": [
        "保持靈活變通，適應環境變化",
        "發揮智慧才能，深度思考問題",
        "培養包容心，以柔克剛化解衝突"
      ]
    }
  }
}