{
  "shensha_effects": {
    "天乙貴人": {
      "name": "天乙貴人",
      "alias": "貴人符",
      "type": "吉神",
      "category": "貴人系",
      "effect": "貴人相助",
      "description": "命中有貴人相助，遇困難時容易得到他人支持，逢凶化吉",
      "buff": "人際運勢+20%，危機化解能力+15%，貴人提攜",
      "debuff": "過度依賴外援-5%",
      "trigger": "遇到困難或重要決策時",
      "pillar_meaning": {
        "year": "家族得貴人，祖上有助力",
        "month": "青年遇師長，事業得提攜",
        "day": "個性受益人輔助，自身易得幫助",
        "hour": "晚年或子女得助，福蔭後代"
      },
      "color": "#FFD700",
      "rarity": "稀有"
    },
    "太極貴人": {
      "name": "太極貴人",
      "alias": "太極符",
      "type": "吉神",
      "category": "貴人系",
      "effect": "智慧洞察",
      "description": "具有深邃的洞察力和哲學思維，聰慧靈性，處事圓融",
      "buff": "智慧+25%，直覺力+20%，靈性感知+15%",
      "debuff": "脫俗孤僻-10%",
      "trigger": "思考重大問題時",
      "pillar_meaning": {
        "year": "家族有靈性傳統",
        "month": "青年期智慧開啟",
        "day": "命主心性聰敏，處事圓融",
        "hour": "子女具靈性，晚年悟性增長"
      },
      "color": "#9370DB",
      "rarity": "稀有"
    },
    "文昌貴人": {
      "name": "文昌貴人",
      "alias": "智慧符",
      "type": "吉神",
      "category": "貴人系",
      "effect": "學習才華",
      "description": "文學才華出眾，學習能力強，學業考試文才加持",
      "buff": "學習能力+30%，文采+25%，考試運+20%",
      "debuff": "過度書生氣-5%",
      "trigger": "學習或創作時",
      "pillar_meaning": {
        "year": "家族重視教育",
        "month": "青年學業得利，考運佳",
        "day": "本我具才華，文采出眾",
        "hour": "子女聰慧好學"
      },
      "color": "#4169E1",
      "rarity": "普通"
    },
    "學堂": {
      "name": "學堂",
      "alias": "學院符",
      "type": "吉神",
      "category": "貴人系",
      "effect": "學習資質",
      "description": "學習資質佳，記憶力好，適合學術研究",
      "buff": "學習資質+25%，記憶力+20%",
      "debuff": "過度理論化-5%",
      "trigger": "學習研究時",
      "pillar_meaning": {
        "year": "家族書香門第",
        "month": "學業順遂，成績優異",
        "day": "本人好學不倦",
        "hour": "子女聰慧，學業有成"
      },
      "color": "#6495ED",
      "rarity": "普通"
    },
    "金輿": {
      "name": "金輿",
      "alias": "財庫符",
      "type": "吉神",
      "category": "財祿系",
      "effect": "財富積聚",
      "description": "財富積聚能力強，善於理財",
      "buff": "財富累積+30%，理財能力+20%",
      "debuff": "守財奴傾向-10%",
      "trigger": "財務相關事務",
      "pillar_meaning": {
        "year": "家族財庫豐厚",
        "month": "青年期財運開啟",
        "day": "個人偏重物質，善於積財",
        "hour": "晚年富足，子女得財"
      },
      "color": "#DAA520",
      "rarity": "普通"
    },
    "福星貴人": {
      "name": "福星貴人",
      "alias": "福星符",
      "type": "吉神",
      "category": "貴人系",
      "effect": "福祿綿長",
      "description": "福祿綿長，一生平安喜樂",
      "buff": "福氣+25%，平安+20%，喜慶+15%",
      "debuff": "安逸缺拼勁-5%",
      "trigger": "日常生活中",
      "pillar_meaning": {
        "year": "家族有福氣",
        "month": "青年期得福氣，生活順遂",
        "day": "本人福相，易得幸福",
        "hour": "晚景安穩，子女有福"
      },
      "color": "#FF6347",
      "rarity": "稀有"
    },
    "天德": {
      "name": "天德",
      "alias": "天德符",
      "type": "吉神",
      "category": "德星系",
      "effect": "德行庇護",
      "description": "德行高尚，容易得到上天庇護，人緣佳，遇事化險為夷",
      "buff": "道德力量+25%，庇護+20%，化險為夷+15%",
      "debuff": "容易過於隨和-5%",
      "trigger": "行善或幫助他人時",
      "pillar_meaning": {
        "year": "家族有人脈，德行傳家",
        "month": "青年得德運，人緣好",
        "day": "本我性格溫厚，易得助",
        "hour": "晚年積德，福澤子孫"
      },
      "color": "#32CD32",
      "rarity": "稀有"
    },
    "月德": {
      "name": "月德",
      "alias": "月德符",
      "type": "吉神",
      "category": "德星系",
      "effect": "月令庇護",
      "description": "得月令之德，運勢平穩，逢凶化吉",
      "buff": "運勢穩定+20%，平安+15%，化解能力+10%",
      "trigger": "每月特定時期",
      "pillar_meaning": {
        "year": "家族運勢穩定",
        "month": "青年期平順",
        "day": "本人運勢平穩",
        "hour": "晚年安泰"
      },
      "color": "#87CEEB",
      "rarity": "稀有"
    },
    "天廚": {
      "name": "天廚",
      "alias": "饋食符",
      "type": "吉神",
      "category": "福祿系",
      "effect": "飲食福氣",
      "description": "飲食福氣，不缺衣食，享受美食",
      "buff": "飲食福氣+25%，物質豐足+20%",
      "debuff": "過度享樂-10%",
      "trigger": "飲食生活中",
      "pillar_meaning": {
        "year": "家族富裕",
        "month": "青年生活無憂",
        "day": "本人享受生活",
        "hour": "子女有福氣，晚年享福"
      },
      "color": "#FFA500",
      "rarity": "普通"
    },
    "三台": {
      "name": "三台",
      "alias": "權輔符",
      "type": "吉神",
      "category": "權貴系",
      "effect": "官祿輔助",
      "description": "官祿輔助，地位提升，適合仕途",
      "buff": "官運+25%，地位提升+20%，權力+15%",
      "debuff": "官場依附過重-10%",
      "trigger": "事業晉升時",
      "pillar_meaning": {
        "year": "家族有官運",
        "month": "青年有晉升機遇，事業順利",
        "day": "本人適合仕途",
        "hour": "晚年有地位"
      },
      "color": "#4B0082",
      "rarity": "稀有"
    },
    "八座": {
      "name": "八座",
      "alias": "高位符",
      "type": "吉神",
      "category": "權貴系",
      "effect": "高位加持",
      "description": "高位加持，社會地位顯著",
      "buff": "社會地位+30%，權威+25%，聲望+20%",
      "debuff": "虛榮心重-10%",
      "trigger": "社交場合",
      "pillar_meaning": {
        "year": "家族地位高",
        "month": "青年得志",
        "day": "個人社會地位顯著，有權威",
        "hour": "晚年享榮耀"
      },
      "color": "#800080",
      "rarity": "稀有"
    },
    "天官貴人": {
      "name": "天官貴人",
      "alias": "官印符",
      "type": "吉神",
      "category": "貴人系",
      "effect": "官祿扶助",
      "description": "官祿扶助，仕途順利",
      "buff": "官運+25%，事業順遂+20%",
      "debuff": "官場糾葛-5%",
      "trigger": "事業發展時",
      "pillar_meaning": {
        "year": "家族有官運",
        "month": "工作順遂，升遷快",
        "day": "本人適合做官",
        "hour": "晚年有地位"
      },
      "color": "#191970",
      "rarity": "稀有"
    },
    "天喜": {
      "name": "天喜",
      "alias": "喜慶符",
      "type": "吉神",
      "category": "桃花系",
      "effect": "喜事臨門",
      "description": "喜事臨門，人際和合，婚嫁添丁慶典",
      "buff": "人際和合+25%，喜事機率+30%，好運+20%",
      "debuff": "喜事過多耗財-5%",
      "trigger": "喜慶場合",
      "pillar_meaning": {
        "year": "家族添喜，喜事連連",
        "month": "青年結婚，喜事多",
        "day": "本人喜慶多",
        "hour": "子女婚嫁之喜，添丁之喜"
      },
      "color": "#FF1493",
      "rarity": "普通"
    },
    "紅鸞": {
      "name": "紅鸞",
      "alias": "良緣符",
      "type": "吉神",
      "category": "桃花系",
      "effect": "正緣出現",
      "description": "正緣出現，婚姻事件觸發，遇到適合的伴侶",
      "buff": "正緣啟動+40%，婚姻運+35%，感情順利+30%",
      "debuff": "過早成婚或情事-5%",
      "trigger": "感情相關",
      "pillar_meaning": {
        "year": "家族婚事多",
        "month": "青年遇良緣",
        "day": "個人感情旺，易遇正緣",
        "hour": "子女良緣，婚姻美滿"
      },
      "color": "#FF69B4",
      "rarity": "普通"
    },
    "將星": {
      "name": "將星",
      "alias": "號令符",
      "type": "吉神",
      "category": "權貴系",
      "effect": "將帥之才",
      "description": "具有統領才能，領導力提升，軍心大振，適合軍事或管理工作",
      "buff": "統領能力+35%，戰略思維+25%，領導力+30%",
      "debuff": "好勝好權-10%",
      "trigger": "指揮或管理時",
      "pillar_meaning": {
        "year": "家族領袖，祖上有威望",
        "month": "青年有領導才能",
        "day": "自身領導才華，統御能力強",
        "hour": "子女有統領之才"
      },
      "color": "#B8860B",
      "rarity": "稀有"
    },
    "華蓋": {
      "name": "華蓋",
      "alias": "靈感符",
      "type": "特殊",
      "category": "孤高系",
      "effect": "藝術天賦",
      "description": "具有藝術天賦和靈感，藝術靈感爆棚，但較為孤僻清高",
      "buff": "藝術天賦+40%，直覺+25%，靈感創意+35%",
      "debuff": "社交-10%，孤獨感+5%，孤僻減少人際助力-10%",
      "trigger": "藝術創作時",
      "pillar_meaning": {
        "year": "家族有藝術傳統",
        "month": "青年藝術才華顯現",
        "day": "個性孤傲，自我藝術氣質強",
        "hour": "子女藝術傾向，子女靈性高"
      },
      "color": "#DDA0DD",
      "rarity": "稀有"
    },
    "羊刃": {
      "name": "羊刃",
      "alias": "狂刃符",
      "type": "凶神",
      "category": "凶煞系",
      "effect": "刃鋒威力",
      "description": "具有強大的行動力和決斷力，爆發攻擊力強，但容易衝動，易失控自損",
      "buff": "行動力+30%，決斷力+25%，爆發攻擊力+20%",
      "debuff": "衝動風險+20%，易失控自損血量-15%",
      "trigger": "面對挑戰時",
      "pillar_meaning": {
        "year": "家族衝動好勇，祖上性烈",
        "month": "青年魯莽，易出事",
        "day": "本我急躁，性格剛烈",
        "hour": "子女好勇，晚年波動大"
      },
      "color": "#B22222",
      "rarity": "普通"
    },
    "劫煞": {
      "name": "劫煞",
      "alias": "奪財符",
      "type": "凶神",
      "category": "凶煞系",
      "effect": "破財風險",
      "description": "容易有破財或被劫奪的風險，財富損失，小人作亂",
      "buff": "臨危反擊力強+10%",
      "debuff": "財運-15%，被騙風險+10%，財富-30%，小人作亂+15%",
      "trigger": "金錢交易時",
      "pillar_meaning": {
        "year": "家族財耗，破財風險",
        "month": "青年破財，財運不穩",
        "day": "自我破財，易有損失",
        "hour": "子女耗財，晚年財務不穩"
      },
      "color": "#8B0000",
      "rarity": "普通"
    },
    "災煞": {
      "name": "災煞",
      "alias": "災符",
      "type": "凶神",
      "category": "凶煞系",
      "effect": "災難警示",
      "description": "需要特別注意安全，容易遇到意外，災禍防不勝防",
      "debuff": "意外風險+15%，健康注意+10%，災禍機率+20%",
      "trigger": "外出或冒險時",
      "pillar_meaning": {
        "year": "家族多災",
        "month": "青年遇險，多波折",
        "day": "個性冒險致災，易遇意外",
        "hour": "晚年或子女遇災"
      },
      "color": "#696969",
      "rarity": "普通"
    },
    "官符": {
      "name": "官符",
      "alias": "官非符",
      "type": "凶神",
      "category": "凶煞系",
      "effect": "官非是非",
      "description": "官非、是非、法律糾紛",
      "debuff": "官非風險+20%，訴訟機率+15%，是非糾紛+10%",
      "trigger": "法律相關事務",
      "pillar_meaning": {
        "year": "家族易有官非",
        "month": "青年職場易有糾紛",
        "day": "本人易官非，法律糾紛多",
        "hour": "晚年易有糾紛"
      },
      "color": "#2F4F4F",
      "rarity": "普通"
    },
    "白虎": {
      "name": "白虎",
      "alias": "血光符",
      "type": "凶神",
      "category": "凶煞系",
      "effect": "傷病血光",
      "description": "傷病血光，需注意健康安全",
      "debuff": "血光之災+20%，意外傷害+15%，健康風險+10%",
      "trigger": "健康相關",
      "pillar_meaning": {
        "year": "家族有血光之災",
        "month": "青年易受傷",
        "day": "自身病厄，健康需注意",
        "hour": "子女受傷，晚年健康問題"
      },
      "color": "#FFFFFF",
      "rarity": "普通"
    },
    "天狗": {
      "name": "天狗",
      "alias": "損耗符",
      "type": "凶神",
      "category": "凶煞系",
      "effect": "精力耗損",
      "description": "精力耗損，意外破敗",
      "debuff": "精力耗損+20%，破敗風險+15%，體力下降-10%",
      "trigger": "日常生活",
      "pillar_meaning": {
        "year": "家族損耗多",
        "month": "青年受阻，精力不足",
        "day": "本我精力耗弱，易疲累",
        "hour": "晚年體力下降"
      },
      "color": "#A9A9A9",
      "rarity": "普通"
    },
    "孤辰": {
      "name": "孤辰",
      "alias": "孤星符",
      "type": "凶神",
      "category": "孤寡系",
      "effect": "孤獨傾向",
      "description": "較為孤獨，人際關係需要特別經營，感情不順",
      "debuff": "孤獨感+20%，人際-15%，感情緣分-50%",
      "trigger": "社交場合",
      "pillar_meaning": {
        "year": "家族孤立",
        "month": "青年孤獨",
        "day": "命主孤僻，個人孤獨感強",
        "hour": "子女孤獨，晚年寂寞"
      },
      "color": "#708090",
      "rarity": "普通"
    },
    "寡宿": {
      "name": "寡宿",
      "alias": "寡星符",
      "type": "凶神",
      "category": "孤寡系",
      "effect": "孤寡傾向",
      "description": "容易有孤寡的傾向，需要主動經營關係，婚姻不順，情感延遲",
      "debuff": "親密關係-15%，孤獨感+15%，婚姻困難+20%",
      "trigger": "親密關係中",
      "pillar_meaning": {
        "year": "家族婚姻不順",
        "month": "青年感情受阻",
        "day": "個人婚姻挫折，感情延遲",
        "hour": "子女婚姻困難，晚年孤寂"
      },
      "color": "#2F4F4F",
      "rarity": "普通"
    },
    "亡神": {
      "name": "亡神",
      "alias": "迷惑符",
      "type": "凶神",
      "category": "凶煞系",
      "effect": "心神迷亂",
      "description": "心神迷亂，判斷失誤",
      "debuff": "判斷力-20%，迷惑機率+15%，心神不寧+10%",
      "trigger": "決策時",
      "pillar_meaning": {
        "year": "家族決策失誤",
        "month": "青年迷惘，方向不明",
        "day": "命主判斷失誤，易被迷惑",
        "hour": "晚年迷惑"
      },
      "color": "#696969",
      "rarity": "普通"
    },
    "披麻": {
      "name": "披麻",
      "alias": "喪服符",
      "type": "凶神",
      "category": "凶煞系",
      "effect": "家族喪事",
      "description": "家族喪事，悲傷之兆",
      "debuff": "喪事機率+15%，悲傷指數+20%",
      "trigger": "家族事務",
      "pillar_meaning": {
        "year": "家族哀事，喪親之痛",
        "month": "青年遇喪",
        "day": "本人易遇喪事",
        "hour": "晚年喪親"
      },
      "color": "#000000",
      "rarity": "稀有"
    },
    "喪門": {
      "name": "喪門",
      "alias": "喪門符",
      "type": "凶神",
      "category": "凶煞系",
      "effect": "哀喪之兆",
      "description": "哀喪之兆，家族不安",
      "debuff": "喪事機率+15%，家族不安+10%",
      "trigger": "家族事務",
      "pillar_meaning": {
        "year": "家族喪厄，多有不安",
        "month": "青年遇喪",
        "day": "本人易遇喪事",
        "hour": "晚年喪事"
      },
      "color": "#000000",
      "rarity": "稀有"
    },
    "流霞": {
      "name": "流霞",
      "alias": "酒色符",
      "type": "特殊",
      "category": "桃花系",
      "effect": "桃花魅力",
      "description": "桃花魅力，但易酒色誤事",
      "buff": "桃花魅力+25%，社交吸引力+20%",
      "debuff": "酒色誤事+20%，放縱風險+15%",
      "trigger": "社交娛樂場合",
      "pillar_meaning": {
        "year": "家族多風流",
        "month": "青年易沉迷",
        "day": "本我放縱，易沉迷酒色",
        "hour": "子女情感放縱，晚年需節制"
      },
      "color": "#FF6347",
      "rarity": "普通"
    },
    "死神": {
      "name": "死神",
      "alias": "死神符",
      "type": "凶神",
      "category": "凶煞系",
      "effect": "健康危機",
      "description": "健康危機，需注意身體",
      "debuff": "健康危機+25%，疾病風險+20%",
      "trigger": "健康相關",
      "pillar_meaning": {
        "year": "家族健康問題",
        "month": "青年多病",
        "day": "本人健康堪憂",
        "hour": "晚年身體風險大"
      },
      "color": "#000000",
      "rarity": "稀有"
    },
    "災殃": {
      "name": "災殃",
      "alias": "殃符",
      "type": "凶神",
      "category": "凶煞系",
      "effect": "多事不順",
      "description": "多事不順，諸事阻礙",
      "debuff": "諸事不順+20%，阻礙多+15%",
      "trigger": "日常事務",
      "pillar_meaning": {
        "year": "家族多事",
        "month": "青年多阻，事事不順",
        "day": "本人多災多難",
        "hour": "晚年不順"
      },
      "color": "#696969",
      "rarity": "普通"
    },
    "天刑": {
      "name": "天刑",
      "alias": "刑符",
      "type": "凶神",
      "category": "刑沖系",
      "effect": "官非刑責",
      "description": "官非刑責，法律問題",
      "debuff": "官非機率+25%，刑責風險+20%",
      "trigger": "法律相關",
      "pillar_meaning": {
        "year": "家族易有刑責",
        "month": "青年易觸法",
        "day": "命主易官非，易觸法律",
        "hour": "晚年法律問題"
      },
      "color": "#8B0000",
      "rarity": "普通"
    },
    "桃花": {
      "name": "桃花",
      "alias": "咸池",
      "type": "特殊",
      "category": "桃花系",
      "effect": "人緣魅力",
      "description": "人緣佳，魅力出眾，但要注意感情糾紛",
      "buff": "魅力+40%，人緣+30%，異性緣+35%",
      "debuff": "感情糾紛風險+15%，爛桃花糾纏+10%",
      "trigger": "社交場合",
      "pillar_meaning": {
        "year": "家族人緣好",
        "month": "青年多艷遇，桃花旺",
        "day": "自身感情複雜，魅力強",
        "hour": "子女多情，桃花多"
      },
      "color": "#FF69B4",
      "rarity": "普通"
    },
    "咸池": {
      "name": "咸池",
      "alias": "魅惑符",
      "type": "特殊",
      "category": "桃花系",
      "effect": "異性緣分",
      "description": "異性緣分佳，人際魅力強，但要注意感情問題",
      "buff": "異性緣+35%，魅力+20%，人際魅力+30%",
      "debuff": "感情複雜+10%，爛桃花糾纏+15%，判斷力下降-10%",
      "trigger": "感情相關事務",
      "pillar_meaning": {
        "year": "家族桃花旺",
        "month": "青年多艷遇，異性緣佳",
        "day": "自身感情複雜，人氣上升",
        "hour": "子女多情，晚年桃花"
      },
      "color": "#FF1493",
      "rarity": "普通"
    },
    "沐浴桃花": {
      "name": "沐浴桃花",
      "alias": "魅惑符",
      "type": "特殊",
      "category": "桃花系",
      "effect": "外貌氣質",
      "description": "外貌氣質提升，風流倜儻",
      "buff": "外貌氣質+30%，魅力+25%",
      "debuff": "酒色之累+15%",
      "trigger": "社交場合",
      "pillar_meaning": {
        "year": "家族重視外表",
        "month": "青年氣質佳",
        "day": "命主風流，注重外表",
        "hour": "子女愛美，外貌出眾"
      },
      "color": "#FFB6C1",
      "rarity": "普通"
    },
    "桃花煞": {
      "name": "桃花煞",
      "alias": "桃花符",
      "type": "特殊",
      "category": "桃花系",
      "effect": "人緣佳",
      "description": "人緣佳，社交能力強",
      "buff": "人緣+30%，社交+25%",
      "debuff": "情感困擾+15%",
      "trigger": "社交場合",
      "pillar_meaning": {
        "year": "家族人緣好",
        "month": "青年社交廣",
        "day": "感情多波折，人緣好但感情複雜",
        "hour": "子女社交能力強"
      },
      "color": "#FF69B4",
      "rarity": "普通"
    },
    "陰差陽錯": {
      "name": "陰差陽錯",
      "alias": "錯緣符",
      "type": "特殊",
      "category": "陰陽系",
      "effect": "緣分錯配",
      "description": "緣分錯配，婚姻阻滯",
      "debuff": "婚緣錯配+25%，婚姻阻滯+20%",
      "trigger": "婚姻相關",
      "pillar_meaning": {
        "year": "家族婚姻多波折",
        "month": "青年感情不順",
        "day": "婚緣錯配，婚姻多挫折",
        "hour": "子女婚姻挫折，晚年孤寂"
      },
      "color": "#708090",
      "rarity": "稀有"
    },
    "空亡": {
      "name": "空亡",
      "alias": "旬空符",
      "type": "凶神",
      "category": "陰陽系",
      "effect": "虛空落空",
      "description": "事情容易落空，需要格外努力，但可脫困隱身",
      "buff": "可脫困+10%，隱身能力+5%",
      "debuff": "成功率-10%，落空風險+15%，計畫落空+20%",
      "trigger": "重要計劃執行時",
      "pillar_meaning": {
        "year": "家族計畫易落空",
        "month": "青年多失落，事業易空",
        "day": "本人計畫常落空",
        "hour": "晚年易孤寂，計畫難成"
      },
      "color": "#A9A9A9",
      "rarity": "普通"
    },
    "天煞孤星": {
      "name": "天煞孤星",
      "alias": "孤煞符",
      "type": "凶神",
      "category": "陰陽系",
      "effect": "孤獨無靠",
      "description": "孤獨無靠，需自力更生",
      "debuff": "孤獨感+30%，無靠+25%",
      "trigger": "需要幫助時",
      "pillar_meaning": {
        "year": "家族無靠",
        "month": "青年孤立",
        "day": "自我孤高，無人可靠",
        "hour": "子女孤寂，晚年無依"
      },
      "color": "#2F4F4F",
      "rarity": "稀有"
    },
    "天羅": {
      "name": "天羅",
      "alias": "羅網符",
      "type": "凶神",
      "category": "陰陽系",
      "effect": "阻礙重重",
      "description": "阻礙重重，被困難纏繞",
      "debuff": "阻礙+30%，困難纏繞+25%",
      "trigger": "面對困難時",
      "pillar_meaning": {
        "year": "家族被困，難以突破",
        "month": "青年受制",
        "day": "自我受制，阻礙多",
        "hour": "晚年困頓"
      },
      "color": "#696969",
      "rarity": "稀有"
    },
    "地網": {
      "name": "地網",
      "alias": "陷阱符",
      "type": "凶神",
      "category": "陰陽系",
      "effect": "受限陷阱",
      "description": "受限，陷阱重重",
      "debuff": "受限+30%，陷阱多+25%",
      "trigger": "面對選擇時",
      "pillar_meaning": {
        "year": "家族受限",
        "month": "青年困阻，難以施展",
        "day": "本人受限多",
        "hour": "子女難展，晚年受限"
      },
      "color": "#696969",
      "rarity": "稀有"
    },
    "伏吟": {
      "name": "伏吟",
      "alias": "重複符",
      "type": "凶神",
      "category": "陰陽系",
      "effect": "重複挫折",
      "description": "重複挫折，停滯不前",
      "debuff": "重複挫折+25%，停滯不前+20%",
      "trigger": "遇流年重複時",
      "pillar_meaning": {
        "year": "家族重複困境",
        "month": "青年停滯",
        "day": "命主反覆無進展",
        "hour": "晚年重複失敗"
      },
      "color": "#A9A9A9",
      "rarity": "稀有"
    },
    "反吟": {
      "name": "反吟",
      "alias": "對沖符",
      "type": "凶神",
      "category": "陰陽系",
      "effect": "巨大衝突",
      "description": "巨大衝突，劇烈變動",
      "debuff": "衝突+30%，劇烈變動+25%",
      "trigger": "遇流年對沖時",
      "pillar_meaning": {
        "year": "家族動盪",
        "month": "青年劇烈變動，多衝突",
        "day": "本人大起大落",
        "hour": "晚年衝擊大"
      },
      "color": "#8B0000",
      "rarity": "稀有"
    },
    "天煞": {
      "name": "天煞",
      "alias": "災符",
      "type": "凶神",
      "category": "陰陽系",
      "effect": "災禍連連",
      "description": "災禍連連，需多加小心",
      "debuff": "災禍機率+25%，意外多+20%",
      "trigger": "日常生活",
      "pillar_meaning": {
        "year": "家族動盪，災禍多",
        "month": "青年多災",
        "day": "本人災禍多",
        "hour": "晚年災難"
      },
      "color": "#696969",
      "rarity": "普通"
    },
    "子午沖": {
      "name": "子午沖",
      "type": "刑沖",
      "category": "刑沖害破系",
      "effect": "火水相沖",
      "description": "火水相沖，情緒不穩",
      "debuff": "情緒不穩+20%，內心衝突+15%",
      "trigger": "情緒波動時",
      "color": "#FF4500",
      "rarity": "普通"
    },
    "卯酉沖": {
      "name": "卯酉沖",
      "type": "刑沖",
      "category": "刑沖害破系",
      "effect": "是非口舌",
      "description": "是非口舌，爭執多",
      "debuff": "口舌是非+25%，爭執+20%",
      "trigger": "溝通時",
      "color": "#FF6347",
      "rarity": "普通"
    },
    "寅申沖": {
      "name": "寅申沖",
      "type": "刑沖",
      "category": "刑沖害破系",
      "effect": "衝突劇烈",
      "description": "衝突劇烈，變動大",
      "debuff": "衝突劇烈+30%，變動大+25%",
      "trigger": "面對變化時",
      "color": "#DC143C",
      "rarity": "普通"
    },
    "辰戌沖": {
      "name": "辰戌沖",
      "type": "刑沖",
      "category": "刑沖害破系",
      "effect": "家宅不安",
      "description": "家宅不安，房產問題",
      "debuff": "家宅不安+25%，房產問題+20%",
      "trigger": "家庭事務",
      "color": "#8B4513",
      "rarity": "普通"
    },
    "丑未沖": {
      "name": "丑未沖",
      "type": "刑沖",
      "category": "刑沖害破系",
      "effect": "財務土地之爭",
      "description": "財務、土地之爭",
      "debuff": "財務糾紛+25%，土地爭議+20%",
      "trigger": "財產相關",
      "color": "#A0522D",
      "rarity": "普通"
    },
    "巳亥沖": {
      "name": "巳亥沖",
      "type": "刑沖",
      "category": "刑沖害破系",
      "effect": "思想衝突",
      "description": "思想衝突，價值觀差異",
      "debuff": "思想衝突+25%，價值觀差異+20%",
      "trigger": "思想交流時",
      "color": "#4B0082",
      "rarity": "普通"
    },
    "寅巳申三刑": {
      "name": "寅巳申三刑",
      "type": "刑沖",
      "category": "刑沖害破系",
      "effect": "官非口舌",
      "description": "官非口舌，法律糾紛",
      "debuff": "官非+30%，口舌是非+25%",
      "trigger": "法律相關",
      "color": "#8B0000",
      "rarity": "稀有"
    },
    "丑戌未三刑": {
      "name": "丑戌未三刑",
      "type": "刑沖",
      "category": "刑沖害破系",
      "effect": "家族矛盾",
      "description": "家族矛盾，內鬥多",
      "debuff": "家族矛盾+30%，內鬥+25%",
      "trigger": "家族事務",
      "color": "#696969",
      "rarity": "稀有"
    },
    "子卯刑": {
      "name": "子卯刑",
      "type": "刑沖",
      "category": "刑沖害破系",
      "effect": "性格乖張",
      "description": "性格乖張，無禮刑",
      "debuff": "性格問題+25%，禮節缺失+20%",
      "trigger": "人際互動",
      "color": "#A9A9A9",
      "rarity": "普通"
    },
    "辰午酉亥自刑": {
      "name": "辰午酉亥自刑",
      "type": "刑沖",
      "category": "刑沖害破系",
      "effect": "行動受阻",
      "description": "行動受阻，自我矛盾",
      "debuff": "行動受阻+25%，自我矛盾+20%",
      "trigger": "決策時",
      "color": "#708090",
      "rarity": "稀有"
    },
    "子未害": {
      "name": "子未害",
      "type": "刑沖",
      "category": "刑沖害破系",
      "effect": "感情糾葛",
      "description": "感情糾葛，互相傷害",
      "debuff": "感情糾葛+25%，互相傷害+20%",
      "trigger": "感情相關",
      "color": "#FF1493",
      "rarity": "普通"
    },
    "丑午害": {
      "name": "丑午害",
      "type": "刑沖",
      "category": "刑沖害破系",
      "effect": "家庭矛盾",
      "description": "家庭矛盾，不和諧",
      "debuff": "家庭矛盾+25%，不和諧+20%",
      "trigger": "家庭事務",
      "color": "#8B4513",
      "rarity": "普通"
    },
    "寅巳害": {
      "name": "寅巳害",
      "type": "刑沖",
      "category": "刑沖害破系",
      "effect": "官非官災",
      "description": "官非官災，仕途受阻",
      "debuff": "官非+25%，仕途受阻+20%",
      "trigger": "事業相關",
      "color": "#8B0000",
      "rarity": "普通"
    },
    "卯辰害": {
      "name": "卯辰害",
      "type": "刑沖",
      "category": "刑沖害破系",
      "effect": "計畫受阻",
      "description": "計畫受阻，難以實施",
      "debuff": "計畫受阻+25%，執行困難+20%",
      "trigger": "計畫執行時",
      "color": "#A9A9A9",
      "rarity": "普通"
    },
    "申亥害": {
      "name": "申亥害",
      "type": "刑沖",
      "category": "刑沖害破系",
      "effect": "人際背叛",
      "description": "人際背叛，信任危機",
      "debuff": "人際背叛+30%，信任危機+25%",
      "trigger": "人際互動",
      "color": "#2F4F4F",
      "rarity": "普通"
    },
    "酉戌害": {
      "name": "酉戌害",
      "type": "刑沖",
      "category": "刑沖害破系",
      "effect": "合作瓦解",
      "description": "合作瓦解，關係破裂",
      "debuff": "合作瓦解+25%，關係破裂+20%",
      "trigger": "合作相關",
      "color": "#696969",
      "rarity": "普通"
    },
    "酉戌破": {
      "name": "酉戌破",
      "type": "刑沖",
      "category": "刑沖害破系",
      "effect": "財務破損",
      "description": "財務破損，合作瓦解",
      "debuff": "財務破損+30%，合作瓦解+25%",
      "trigger": "財務合作",
      "color": "#8B0000",
      "rarity": "稀有"
    },
    "子酉破": {
      "name": "子酉破",
      "type": "刑沖",
      "category": "刑沖害破系",
      "effect": "計畫破壞",
      "description": "計畫破壞，意外變故",
      "debuff": "計畫破壞+25%，意外變故+20%",
      "trigger": "計畫執行",
      "color": "#696969",
      "rarity": "普通"
    },
    "卯午破": {
      "name": "卯午破",
      "type": "刑沖",
      "category": "刑沖害破系",
      "effect": "關係破裂",
      "description": "關係破裂，情感受損",
      "debuff": "關係破裂+25%，情感受損+20%",
      "trigger": "人際相關",
      "color": "#FF1493",
      "rarity": "普通"
    },
    "辰丑破": {
      "name": "辰丑破",
      "type": "刑沖",
      "category": "刑沖害破系",
      "effect": "根基動搖",
      "description": "根基動搖，穩定性差",
      "debuff": "根基動搖+25%，穩定性差+20%",
      "trigger": "基礎事務",
      "color": "#A0522D",
      "rarity": "普通"
    },
    "巳申破": {
      "name": "巳申破",
      "type": "刑沖",
      "category": "刑沖害破系",
      "effect": "智謀受阻",
      "description": "智謀受阻，計策難行",
      "debuff": "智謀受阻+25%，計策難行+20%",
      "trigger": "策劃時",
      "color": "#4B0082",
      "rarity": "普通"
    },
    "未戌破": {
      "name": "未戌破",
      "type": "刑沖",
      "category": "刑沖害破系",
      "effect": "土基破損",
      "description": "土基破損，財產問題",
      "debuff": "土基破損+25%，財產問題+20%",
      "trigger": "財產相關",
      "color": "#8B4513",
      "rarity": "普通"
    }
  },
  "shensha_combinations": {
    "天乙貴人+文昌貴人": {
      "name": "文貴雙全",
      "effect": "貴人助學，文才出眾",
      "buff": "學習+40%，貴人運+30%",
      "description": "既有貴人相助，又有文學才華，是很好的組合"
    },
    "天乙貴人+將星": {
      "name": "貴人統領",
      "effect": "得貴人助，統領能力強",
      "buff": "領導力+45%，貴人運+30%",
      "description": "貴人提攜加上統領才能，事業容易成功"
    },
    "將星+華蓋": {
      "name": "將帥藝才",
      "effect": "領導才能與藝術氣質並存",
      "buff": "領導力+35%，藝術才華+35%",
      "debuff": "孤高自賞-10%",
      "description": "既有統領才能又有藝術氣質，但較為孤高"
    },
    "桃花+咸池": {
      "name": "雙桃花運",
      "effect": "異性緣極佳，但需謹慎",
      "buff": "魅力+60%，異性緣+50%",
      "debuff": "感情糾紛+25%",
      "description": "異性緣分極佳，但要特別注意感情處理"
    },
    "紅鸞+天喜": {
      "name": "喜事連連",
      "effect": "婚姻喜慶，雙喜臨門",
      "buff": "婚姻運+50%，喜慶+40%",
      "description": "婚姻喜事連連，是結婚的好兆頭"
    },
    "羊刃+劫煞": {
      "name": "雙凶聚會",
      "effect": "衝動行事，財務危機",
      "buff": "爆發力+30%",
      "debuff": "衝動+30%，破財+40%",
      "description": "衝動易惹禍，破財風險極高，須特別謹慎行事"
    },
    "天德+月德": {
      "name": "德星拱照",
      "effect": "德行庇護，一生多得貴人助",
      "buff": "德行力量+40%，貴人運+35%，化險為夷+30%",
      "description": "德星拱照，一生多得貴人助，逢凶化吉"
    },
    "華蓋+空亡": {
      "name": "孤高清雅",
      "effect": "孤高清雅，適合宗教藝術",
      "buff": "藝術才華+45%，靈性+40%",
      "debuff": "孤獨感+25%，計畫落空+15%",
      "description": "孤高清雅，適合宗教藝術，但較為孤獨"
    },
    "孤辰+寡宿": {
      "name": "孤寡雙至",
      "effect": "極度孤獨，婚姻困難",
      "debuff": "孤獨感+40%，婚姻困難+35%",
      "description": "極度孤獨，婚姻困難，需特別經營人際關係"
    },
    "天羅+地網": {
      "name": "羅網困境",
      "effect": "困境重重，難以突破",
      "debuff": "困境+50%，阻礙+45%",
      "description": "困境重重，阻礙多，需要加倍努力才能突破"
    },
    "伏吟+反吟": {
      "name": "吟唱交錯",
      "effect": "反覆不定，變動劇烈",
      "debuff": "反覆+40%，變動+40%",
      "description": "反覆不定，變動劇烈，人生起伏大"
    }
  },
  "shensha_category_summary": {
    "貴人系": {
      "count": 6,
      "description": "提供貴人助力、智慧才華、官祿地位等正面幫助",
      "members": ["天乙貴人", "太極貴人", "文昌貴人", "學堂", "福星貴人", "天官貴人"]
    },
    "財祿系": {
      "count": 3,
      "description": "影響財富累積、物質生活",
      "members": ["金輿", "天廚"]
    },
    "德星系": {
      "count": 2,
      "description": "德行庇護，逢凶化吉",
      "members": ["天德", "月德"]
    },
    "權貴系": {
      "count": 4,
      "description": "影響權力、地位、領導能力",
      "members": ["三台", "八座", "將星"]
    },
    "桃花系": {
      "count": 7,
      "description": "影響異性緣、感情運、婚姻喜慶",
      "members": ["天喜", "紅鸞", "桃花", "咸池", "沐浴桃花", "桃花煞", "流霞"]
    },
    "孤高系": {
      "count": 1,
      "description": "藝術才華但性格孤僻",
      "members": ["華蓋"]
    },
    "凶煞系": {
      "count": 15,
      "description": "帶來各種風險、災禍、破財、官非",
      "members": ["羊刃", "劫煞", "災煞", "官符", "白虎", "天狗", "亡神", "披麻", "喪門", "死神", "災殃", "天刑"]
    },
    "孤寡系": {
      "count": 2,
      "description": "孤獨、婚姻困難",
      "members": ["孤辰", "寡宿"]
    },
    "陰陽系": {
      "count": 10,
      "description": "陰陽失調、計畫落空、困境阻礙",
      "members": ["陰差陽錯", "空亡", "天煞孤星", "天羅", "地網", "伏吟", "反吟", "天煞"]
    },
    "刑沖害破系": {
      "count": 22,
      "description": "地支之間的刑沖害破關係，帶來衝突矛盾",
      "members": ["子午沖", "卯酉沖", "寅申沖", "辰戌沖", "丑未沖", "巳亥沖", "寅巳申三刑", "丑戌未三刑", "子卯刑", "辰午酉亥自刑", "子未害", "丑午害", "寅巳害", "卯辰害", "申亥害", "酉戌害", "酉戌破", "子酉破", "卯午破", "辰丑破", "巳申破", "未戌破"]
    }
  }
}
