{
  "shensha_effects": {
    "天乙貴人": {
      "name": "天乙貴人",
      "type": "吉神",
      "effect": "貴人相助",
      "description": "命中有貴人相助，遇困難時容易得到他人支持",
      "buff": "人際運勢+20%，危機化解能力+15%",
      "trigger": "遇到困難或重要決策時",
      "color": "#FFD700",
      "rarity": "稀有"
    },
    "太極貴人": {
      "name": "太極貴人",
      "type": "吉神",
      "effect": "智慧洞察",
      "description": "具有深邃的洞察力和哲學思維",
      "buff": "智慧+25%，直覺力+20%",
      "trigger": "思考重大問題時",
      "color": "#9370DB",
      "rarity": "稀有"
    },
    "文昌貴人": {
      "name": "文昌貴人",
      "type": "吉神",
      "effect": "學習才華",
      "description": "文學才華出眾，學習能力強",
      "buff": "學習能力+30%，文采+25%",
      "trigger": "學習或創作時",
      "color": "#4169E1",
      "rarity": "普通"
    },
    "魁罡": {
      "name": "魁罡",
      "type": "特殊",
      "effect": "威嚴領導",
      "description": "具有天生的威嚴和領導能力，但個性較為剛烈",
      "buff": "領導力+35%，威嚴+30%",
      "debuff": "人際關係-10%",
      "trigger": "領導或決策時",
      "color": "#DC143C",
      "rarity": "稀有"
    },
    "桃花": {
      "name": "桃花",
      "type": "特殊",
      "effect": "人緣魅力",
      "description": "人緣佳，魅力出眾，但要注意感情糾紛",
      "buff": "魅力+40%，人緣+30%",
      "debuff": "感情糾紛風險+15%",
      "trigger": "社交場合",
      "color": "#FF69B4",
      "rarity": "普通"
    },
    "羊刃": {
      "name": "羊刃",
      "type": "凶神",
      "effect": "刃鋒威力",
      "description": "具有強大的行動力和決斷力，但容易衝動",
      "buff": "行動力+30%，決斷力+25%",
      "debuff": "衝動風險+20%",
      "trigger": "面對挑戰時",
      "color": "#B22222",
      "rarity": "普通"
    },
    "劫煞": {
      "name": "劫煞",
      "type": "凶神",
      "effect": "破財風險",
      "description": "容易有破財或被劫奪的風險",
      "debuff": "財運-15%，被騙風險+10%",
      "trigger": "金錢交易時",
      "color": "#8B0000",
      "rarity": "普通"
    },
    "災煞": {
      "name": "災煞",
      "type": "凶神",
      "effect": "災難警示",
      "description": "需要特別注意安全，容易遇到意外",
      "debuff": "意外風險+15%，健康注意+10%",
      "trigger": "外出或冒險時",
      "color": "#696969",
      "rarity": "普通"
    },
    "天德": {
      "name": "天德",
      "type": "吉神",
      "effect": "德行庇護",
      "description": "德行高尚，容易得到上天庇護",
      "buff": "道德力量+25%，庇護+20%",
      "trigger": "行善或幫助他人時",
      "color": "#32CD32",
      "rarity": "稀有"
    },
    "月德": {
      "name": "月德",
      "type": "吉神",
      "effect": "月令庇護",
      "description": "得月令之德，運勢平穩",
      "buff": "運勢穩定+20%，平安+15%",
      "trigger": "每月特定時期",
      "color": "#87CEEB",
      "rarity": "稀有"
    },
    "將星": {
      "name": "將星",
      "type": "吉神",
      "effect": "將帥之才",
      "description": "具有統領才能，適合軍事或管理工作",
      "buff": "統領能力+35%，戰略思維+25%",
      "trigger": "指揮或管理時",
      "color": "#B8860B",
      "rarity": "稀有"
    },
    "華蓋": {
      "name": "華蓋",
      "type": "特殊",
      "effect": "藝術天賦",
      "description": "具有藝術天賦，但較為孤僻清高",
      "buff": "藝術天賦+40%，直覺+25%",
      "debuff": "社交-10%，孤獨感+5%",
      "trigger": "藝術創作時",
      "color": "#DDA0DD",
      "rarity": "稀有"
    },
    "空亡": {
      "name": "空亡",
      "type": "凶神",
      "effect": "虛空落空",
      "description": "事情容易落空，需要格外努力",
      "debuff": "成功率-10%，落空風險+15%",
      "trigger": "重要計劃執行時",
      "color": "#A9A9A9",
      "rarity": "普通"
    },
    "咸池": {
      "name": "咸池",
      "type": "特殊",
      "effect": "異性緣分",
      "description": "異性緣分佳，但要注意感情問題",
      "buff": "異性緣+35%，魅力+20%",
      "debuff": "感情複雜+10%",
      "trigger": "感情相關事務",
      "color": "#FF1493",
      "rarity": "普通"
    },
    "孤辰": {
      "name": "孤辰",
      "type": "凶神",
      "effect": "孤獨傾向",
      "description": "較為孤獨，人際關係需要特別經營",
      "debuff": "孤獨感+20%，人際-15%",
      "trigger": "社交場合",
      "color": "#708090",
      "rarity": "普通"
    },
    "寡宿": {
      "name": "寡宿",
      "type": "凶神",
      "effect": "孤寡傾向",
      "description": "容易有孤寡的傾向，需要主動經營關係",
      "debuff": "親密關係-15%，孤獨感+15%",
      "trigger": "親密關係中",
      "color": "#2F4F4F",
      "rarity": "普通"
    }
  },
  "shensha_combinations": {
    "天乙貴人+文昌貴人": {
      "name": "文貴雙全",
      "effect": "貴人助學，文才出眾",
      "buff": "學習+40%，貴人運+30%",
      "description": "既有貴人相助，又有文學才華，是很好的組合"
    },
    "魁罡+將星": {
      "name": "統帥威嚴",
      "effect": "天生領袖，威嚴統御",
      "buff": "領導力+50%，威嚴+40%",
      "description": "具有天生的統帥才能和威嚴"
    },
    "桃花+咸池": {
      "name": "雙桃花運",
      "effect": "異性緣極佳，但需謹慎",
      "buff": "魅力+60%，異性緣+50%",
      "debuff": "感情糾紛+25%",
      "description": "異性緣分極佳，但要特別注意感情處理"
    }
  }
}