{
  "mapping": {
    "甲": {
      "寅": "丙", "卯": "丁", "辰": "戊", "巳": "己", "午": "庚", "未": "辛",
      "申": "壬", "酉": "癸", "戌": "甲", "亥": "乙", "子": "丙", "丑": "丁"
    },
    "乙": {
      "寅": "戊", "卯": "己", "辰": "庚", "巳": "辛", "午": "壬", "未": "癸",
      "申": "甲", "酉": "乙", "戌": "丙", "亥": "丁", "子": "戊", "丑": "己"
    },
    "丙": {
      "寅": "庚", "卯": "辛", "辰": "壬", "巳": "癸", "午": "甲", "未": "乙",
      "申": "丙", "酉": "丁", "戌": "戊", "亥": "己", "子": "庚", "丑": "辛"
    },
    "丁": {
      "寅": "壬", "卯": "癸", "辰": "甲", "巳": "乙", "午": "丙", "未": "丁",
      "申": "戊", "酉": "己", "戌": "庚", "亥": "辛", "子": "壬", "丑": "癸"
    },
    "戊": {
      "寅": "甲", "卯": "乙", "辰": "丙", "巳": "丁", "午": "戊", "未": "己",
      "申": "庚", "酉": "辛", "戌": "壬", "亥": "癸", "子": "甲", "丑": "乙"
    },
    "己": {
      "寅": "丙", "卯": "丁", "辰": "戊", "巳": "己", "午": "庚", "未": "辛",
      "申": "壬", "酉": "癸", "戌": "甲", "亥": "乙", "子": "丙", "丑": "丁"
    },
    "庚": {
      "寅": "戊", "卯": "己", "辰": "庚", "巳": "辛", "午": "壬", "未": "癸",
      "申": "甲", "酉": "乙", "戌": "丙", "亥": "丁", "子": "戊", "丑": "己"
    },
    "辛": {
      "寅": "庚", "卯": "辛", "辰": "壬", "巳": "癸", "午": "甲", "未": "乙",
      "申": "丙", "酉": "丁", "戌": "戊", "亥": "己", "子": "庚", "丑": "辛"
    },
    "壬": {
      "寅": "壬", "卯": "癸", "辰": "甲", "巳": "乙", "午": "丙", "未": "丁",
      "申": "戊", "酉": "己", "戌": "庚", "亥": "辛", "子": "壬", "丑": "癸"
    },
    "癸": {
      "寅": "甲", "卯": "乙", "辰": "丙", "巳": "丁", "午": "戊", "未": "己",
      "申": "庚", "酉": "辛", "戌": "壬", "亥": "癸", "子": "甲", "丑": "乙"
    }
  }
}
