{
  "hourBranches": {
    "23": "子", "0": "子", "1": "丑", "2": "丑", "3": "寅", "4": "寅",
    "5": "卯", "6": "卯", "7": "辰", "8": "辰", "9": "巳", "10": "巳",
    "11": "午", "12": "午", "13": "未", "14": "未", "15": "申", "16": "申",
    "17": "酉", "18": "酉", "19": "戌", "20": "戌", "21": "亥", "22": "亥"
  },
  "mapping": {
    "甲": {
      "子": "甲", "丑": "乙", "寅": "丙", "卯": "丁", "辰": "戊", "巳": "己",
      "午": "庚", "未": "辛", "申": "壬", "酉": "癸", "戌": "甲", "亥": "乙"
    },
    "乙": {
      "子": "丙", "丑": "丁", "寅": "戊", "卯": "己", "辰": "庚", "巳": "辛",
      "午": "壬", "未": "癸", "申": "甲", "酉": "乙", "戌": "丙", "亥": "丁"
    },
    "丙": {
      "子": "戊", "丑": "己", "寅": "庚", "卯": "辛", "辰": "壬", "巳": "癸",
      "午": "甲", "未": "乙", "申": "丙", "酉": "丁", "戌": "戊", "亥": "己"
    },
    "丁": {
      "子": "庚", "丑": "辛", "寅": "壬", "卯": "癸", "辰": "甲", "巳": "乙",
      "午": "丙", "未": "丁", "申": "戊", "酉": "己", "戌": "庚", "亥": "辛"
    },
    "戊": {
      "子": "壬", "丑": "癸", "寅": "甲", "卯": "乙", "辰": "丙", "巳": "丁",
      "午": "戊", "未": "己", "申": "庚", "酉": "辛", "戌": "壬", "亥": "癸"
    },
    "己": {
      "子": "甲", "丑": "乙", "寅": "丙", "卯": "丁", "辰": "戊", "巳": "己",
      "午": "庚", "未": "辛", "申": "壬", "酉": "癸", "戌": "甲", "亥": "乙"
    },
    "庚": {
      "子": "丙", "丑": "丁", "寅": "戊", "卯": "己", "辰": "庚", "巳": "辛",
      "午": "壬", "未": "癸", "申": "甲", "酉": "乙", "戌": "丙", "亥": "丁"
    },
    "辛": {
      "子": "戊", "丑": "己", "寅": "庚", "卯": "辛", "辰": "壬", "巳": "癸",
      "午": "甲", "未": "乙", "申": "丙", "酉": "丁", "戌": "戊", "亥": "己"
    },
    "壬": {
      "子": "庚", "丑": "辛", "寅": "壬", "卯": "癸", "辰": "甲", "巳": "乙",
      "午": "丙", "未": "丁", "申": "戊", "酉": "己", "戌": "庚", "亥": "辛"
    },
    "癸": {
      "子": "壬", "丑": "癸", "寅": "甲", "卯": "乙", "辰": "丙", "巳": "丁",
      "午": "戊", "未": "己", "申": "庚", "酉": "辛", "戌": "壬", "亥": "癸"
    }
  }
}
