{
  "shensha": {
    "yearBased": {
      "list": {
        "天乙貴人": {
          "mapping": {
            "子": "丑", "丑": "子", "寅": "亥", "卯": "申", "辰": "酉", "巳": "申",
            "午": "未", "未": "午", "申": "卯", "酉": "辰", "戌": "卯", "亥": "寅"
          }
        },
        "太極貴人": {
          "mapping": {
            "子": ["子", "午"], "午": ["子", "午"], "卯": ["卯", "酉"], "酉": ["卯", "酉"],
            "丑": ["辰", "戌"], "未": ["辰", "戌"], "寅": ["巳", "亥"], "申": ["巳", "亥"],
            "辰": ["辰", "戌"], "戌": ["辰", "戌"], "巳": ["巳", "亥"], "亥": ["巳", "亥"]
          }
        }
      }
    },
    "dayBased": {
      "list": {
        "桃花": {
          "mapping": {
            "甲": "卯", "乙": "卯", "丙": "午", "丁": "午", "戊": "午", "己": "午",
            "庚": "酉", "辛": "酉", "壬": "子", "癸": "子"
          }
        },
        "華蓋": {
          "mapping": {
            "甲": "辰", "乙": "辰", "丙": "未", "丁": "未", "戊": "未", "己": "未",
            "庚": "戌", "辛": "戌", "壬": "丑", "癸": "丑"
          }
        }
      }
    }
  }
}
