{
  "years": {
    "1984": {
      "立春": { "date": "1984-02-04T23:20:00Z", "longitude": 315 },
      "雨水": { "date": "1984-02-19T14:37:00Z", "longitude": 330 },
      "驚蟄": { "date": "1984-03-05T16:59:00Z", "longitude": 345 },
      "春分": { "date": "1984-03-20T16:24:00Z", "longitude": 0 },
      "清明": { "date": "1984-04-04T22:45:00Z", "longitude": 15 },
      "穀雨": { "date": "1984-04-20T05:26:00Z", "longitude": 30 },
      "立夏": { "date": "1984-05-05T14:19:00Z", "longitude": 45 },
      "小滿": { "date": "1984-05-20T23:41:00Z", "longitude": 60 },
      "芒種": { "date": "1984-06-05T18:21:00Z", "longitude": 75 },
      "夏至": { "date": "1984-06-21T08:02:00Z", "longitude": 90 },
      "小暑": { "date": "1984-07-07 05:26:00Z", "longitude": 105 },
      "大暑": { "date": "1984-07-22T16:26:00Z", "longitude": 120 },
      "立秋": { "date": "1984-08-07T09:09:00Z", "longitude": 135 },
      "處暑": { "date": "1984-08-23T04:05:00Z", "longitude": 150 },
      "白露": { "date": "1984-09-07T16:15:00Z", "longitude": 165 },
      "秋分": { "date": "1984-09-22T22:33:00Z", "longitude": 180 },
      "寒露": { "date": "1984-10-08T05:55:00Z", "longitude": 195 },
      "霜降": { "date": "1984-10-23T03:16:00Z", "longitude": 210 },
      "立冬": { "date": "1984-11-07T13:17:00Z", "longitude": 225 },
      "小雪": { "date": "1984-11-22T10:19:00Z", "longitude": 240 },
      "大雪": { "date": "1984-12-07T06:24:00Z", "longitude": 255 },
      "冬至": { "date": "1984-12-21T23:23:00Z", "longitude": 270 },
      "小寒": { "date": "1985-01-05T16:51:00Z", "longitude": 285 },
      "大寒": { "date": "1985-01-20T09:59:00Z", "longitude": 300 }
    },
    "1985": {
      "立春": { "date": "1985-02-04T05:12:00Z", "longitude": 315 },
      "雨水": { "date": "1985-02-18T20:27:00Z", "longitude": 330 },
      "驚蟄": { "date": "1985-03-05T22:46:00Z", "longitude": 345 },
      "春分": { "date": "1985-03-20T22:14:00Z", "longitude": 0 },
      "清明": { "date": "1985-04-05T04:32:00Z", "longitude": 15 },
      "穀雨": { "date": "1985-04-20T11:15:00Z", "longitude": 30 },
      "立夏": { "date": "1985-05-05T20:04:00Z", "longitude": 45 },
      "小滿": { "date": "1985-05-21T05:23:00Z", "longitude": 60 },
      "芒種": { "date": "1985-06-06T00:07:00Z", "longitude": 75 },
      "夏至": { "date": "1985-06-21T13:44:00Z", "longitude": 90 },
      "小暑": { "date": "1985-07-07T11:09:00Z", "longitude": 105 },
      "大暑": { "date": "1985-07-22T22:06:00Z", "longitude": 120 },
      "立秋": { "date": "1985-08-07T14:54:00Z", "longitude": 135 },
      "處暑": { "date": "1985-08-23T09:46:00Z", "longitude": 150 },
      "白露": { "date": "1985-09-07T22:00:00Z", "longitude": 165 },
      "秋分": { "date": "1985-09-23T04:08:00Z", "longitude": 180 },
      "寒露": { "date": "1985-10-08T11:35:00Z", "longitude": 195 },
      "霜降": { "date": "1985-10-23T08:50:00Z", "longitude": 210 },
      "立冬": { "date": "1985-11-07T19:00:00Z", "longitude": 225 },
      "小雪": { "date": "1985-11-22T16:01:00Z", "longitude": 240 },
      "大雪": { "date": "1985-12-07T12:11:00Z", "longitude": 255 },
      "冬至": { "date": "1985-12-22T05:08:00Z", "longitude": 270 },
      "小寒": { "date": "1986-01-05T22:39:00Z", "longitude": 285 },
      "大寒": { "date": "1986-01-20T15:45:00Z", "longitude": 300 }
    },
    "2024": {
      "立春": { "date": "2024-02-04T09:27:00Z", "longitude": 315 },
      "雨水": { "date": "2024-02-19T06:13:00Z", "longitude": 330 },
      "驚蟄": { "date": "2024-03-05T04:23:00Z", "longitude": 345 },
      "春分": { "date": "2024-03-20T03:06:00Z", "longitude": 0 },
      "清明": { "date": "2024-04-04T09:09:00Z", "longitude": 15 },
      "穀雨": { "date": "2024-04-19T15:59:00Z", "longitude": 30 },
      "立夏": { "date": "2024-05-05T02:10:00Z", "longitude": 45 },
      "小滿": { "date": "2024-05-20T12:59:00Z", "longitude": 60 },
      "芒種": { "date": "2024-06-05T06:10:00Z", "longitude": 75 },
      "夏至": { "date": "2024-06-20T20:51:00Z", "longitude": 90 },
      "小暑": { "date": "2024-07-06T16:20:00Z", "longitude": 105 },
      "大暑": { "date": "2024-07-22T03:44:00Z", "longitude": 120 },
      "立秋": { "date": "2024-08-07T02:09:00Z", "longitude": 135 },
      "處暑": { "date": "2024-08-22T16:55:00Z", "longitude": 150 },
      "白露": { "date": "2024-09-07T05:11:00Z", "longitude": 165 },
      "秋分": { "date": "2024-09-22T12:44:00Z", "longitude": 180 },
      "寒露": { "date": "2024-10-07T20:48:00Z", "longitude": 195 },
      "霜降": { "date": "2024-10-23T00:15:00Z", "longitude": 210 },
      "立冬": { "date": "2024-11-07T06:20:00Z", "longitude": 225 },
      "小雪": { "date": "2024-11-22T03:56:00Z", "longitude": 240 },
      "大雪": { "date": "2024-12-06T23:17:00Z", "longitude": 255 },
      "冬至": { "date": "2024-12-21T17:21:00Z", "longitude": 270 },
      "小寒": { "date": "2025-01-05T10:07:00Z", "longitude": 285 },
      "大寒": { "date": "2025-01-20T03:59:00Z", "longitude": 300 }
    }
  }
}
